三代目 J Soul Brothersの登坂広臣、女性芸人の富山弁クイズに大照れ!?,8月8日に放送された「ウチのガヤがすみません!」(日本テレビ系)に、三代目 J Soul Brothersの登坂広臣&amp;山下健二...
松本人志は不倫肯定派？不倫バッシングの風潮を嘆く！,8月6日放送の「ワイドナショー」（フジテレビ系）では、芸能ニュースの中で斉藤由貴（50）の不倫疑惑報道が取り上げられ、コメンテーターの...
「さわり」は話の出だしではありません！ へんてこな日本語使っていませんか？,"『ソレ！ へんてこな日本語です。』（著：冨士本昌恵、絵：山本ユウカ/PARCO出版）
　日本語の“あるある”な間違いをマンガで解説する..."
戦争体験者や遺族を訪ね歩くことでわかった戦中日本の「現実」―戦争によって未来を踏みにじられた少年たちの物語,"『遠い約束』（室積光/キノブックス）
　戦後70年経った今、あらためて戦争の現実・悲惨さを問う小説『遠い約束』が2017年7月29日（..."
ママに緊急アンケート！ 働くママは朝ドラ「ひよっこ」をいつ見ているの？,© blanche  - Fotolia.comNHK連続テレビ小説、通称「朝ドラ」は、その名の通り月曜から土曜の朝8時からスタートし...
松坂&蒼井「過激すぎるラブシーン」にファン驚嘆！,"松坂＆蒼井「過激すぎるラブシーン」にファン驚嘆！

　１０月公開の映画『彼女がその名を知らない鳥たち』の予告編が、８月２日にＹｏｕＴｕ..."
『打ち上げ花火、下から見るか？横から見るか？』を見た！その全容は如何に！？,"(C)2017「打ち上げ花火、下から見るか？横から見るか？」製作委員会
2017年8月18日に公開される映画『打ち上げ花火、下から見る..."
グラビア女王候補・澤北るな、18歳の最強すぎるセクシーボディを見せつける,"『週刊プレイボーイ グラビアスペシャル増刊SUMMER2017』に登場する澤北るな（C）矢西誠二／週刊プレイボーイ

　18歳の新人タ..."
ヤマト集荷にコンビが来た。不慣れな新人にベテランが一言「育成のあるべき姿だ」,荷物を送るため、ヤマト運輸（クロネコヤマト）の集荷サービスを申し込んだTwitterユーザーの斜塔さん。やって来た宅配スタッフは、ベテ...
勝地涼、太賀らとの相部屋に「俺もう30歳なのになぁ...」,"8月12日（土）放送の土曜ドラマスペシャル『1942年のプレイボール』（NHK総合）の完成試写会に勝地涼、忽那汐里が登壇した。

　本..."
VWのコンパクトSUV、T-Roc ...リアスタイルも見えた,VW T-Roc のイメージスケッチもっと画像を見るフォルクスワーゲンが来る8月23日にドイツで発表予定の新型SUV、『T-Roc』。...
武田玲奈、NHKドラマ初出演「喜びを感じながらを演じたい」,モデルで女優、武田玲奈（２０）が、元クレイジーキャッツの俳優、植木等さん（２００７年死去、享年８０）を題材としたＮＨＫ「植木等とのぼせ...
水トアナ『スッキリ!!』に異動の裏真相とは？,"水トアナ『スッキリ!!』に異動の裏真相とは？

　８月８日、日本テレビの水ト麻美アナ（３０）がアシスタントを務めるお昼の情報番組『ヒル..."
白川水源舞台にテレビCM 熊本地震復興支援,熊本県南阿蘇村の白川水源で撮影したキリンビバレッジの紅茶飲料のテレビＣＭ＝写真＝が、１１日から全国で流れる。熊本地震の復興支援第２弾。...
R・レイノルズ&S・L・ジャクソン共演『ヒットマンズ・ボディガード』予告編解禁,Netflixが、映画『ヒットマンズ・ボディガード』を8月18日（金）の全米公開と同日に日本でストリーミング配信することが決定。キーア...
【ビデオ】Nintendo Switchに、期待のレース・ゲーム『Gear.Club Unlimted』が近々登場！,PCやプレイステーション、Xboxのユーザーには、素晴らしいレーシング・シミュレーターが豊富に用意されている一方で、任天堂のゲーム機ユ...
男祭り！「HiGH&LOW」完成披露 史上最多60人で舞台あいさつ,"史上最多６０人が登壇した「ＨｉＧＨ＆ＬＯＷ-」の舞台あいさつ

　映画「ＨｉＧＨ＆ＬＯＷ　ＴＨＥ　ＭＯＶＩＥ２　ＥＮＤ　ＯＦ　ＳＫＹ」..."
浅丘ルリ子、“元夫”石坂浩二の前で謎のウエディングドレス姿,"浅丘ルリ子、“元夫”石坂浩二の前で謎のウエディングドレス姿
浅丘ルリ子と加賀まりこが、『やすらぎの郷』（テレビ朝日系列、毎週月～金12..."
元SPEED・上原多香子、自死した夫の遺書公開で不倫疑惑 ネットでは憤怒の声も,（画像はTwitterのスクリーンショット）14年に自死した「ET-KING」メンバー・TENNさん（享年35）の妻である女優・上原多...
Netflix版『Death Note/デスノート』小畑健のイラストに意味深なメッセージ,オンラインストリーミングサービス・Netflixのオリジナル映画『Death Note/デスノート』の配信に先駆けて、原作で漫画を担当...
福士蒼汰&宮野真守が座長 「髑髏城の七人」新シーズンは初のWチーム制＜各キャスト発表＞,【髑髏城の七人・福士蒼汰・宮野真守／モデルプレス＝8月10日】IHIステージアラウンド東京で上演されている『髑髏城の七人』の、Seas...
2017年上半期邦画実写映画No.1「22年目の告白-私が殺人犯です-」BD&DVD 10・4発売,"映画「22年目の告白－私が殺人犯です－」のブルーレイ＆DVDが、10月4日（水）に発売、同時レンタル開始される。

　7週連続で首位を..."
石坂浩二、元妻・浅丘&加賀の花嫁姿に「意外に似合ってる」,浅丘ルリ子&amp;加賀まりこ＆石坂浩二「やすらぎの郷」もっと画像を見るシニア向け帯ドラマ劇場「やすらぎの郷」。物語が中終盤に差し掛か...
世界初！夏菜が伝説の白キリンの動画撮影に成功『世界動物ゲキレアハンター』8・18放送,人気女優・俳優が見たことのない“動物との奇跡の一枚＝ゲキレア”な瞬間を撮るべく、世界の国々を舞台に体を張って挑むバラエティ『世界動物（...
天才テリー伊藤対談「藤田ニコル」(1)イメチェンと研究で憧れのモデルに,●ゲスト：藤田ニコル（ふじた・にこる）　1998年、ニュージーランド生まれ。3歳の頃、埼玉県に引っ越す。2009年、ローティーン向けフ...
米版『デスノート』、原作者が絶賛！「想像以上に面白かった」,Netflixオリジナル映画 『Death Note／デスノート』もっと画像を見る日本のマンガ界が誇る、原作・大場つぐみと漫画・小畑健...
橋下徹「テレ朝レギュラー番組」終了は「他局ゴールデン進出」の布石か！？,昨春、テレビ朝日系でスタートした「橋下×羽鳥の番組」が今年9月いっぱいで終了する。　前大阪市長の橋下徹氏とフリーアナの羽鳥慎一がタッグ...
都議会が死んだ、とは、まあ大袈裟な,議員の採決権を剥奪したり、議論の場をすべて奪って、一切合財密室で決めるようになったとでも言うのなら、確かに都議会が死んだ、と言ってもい...
恒例ポーズなしも納得！？乃木坂46西野七瀬「後輩への気遣い」にファンが感動,あのポーズを封印してまで優先させたものとは？　乃木坂46が8月4日放送の「ミュージックステーション」（テレビ朝日系）に出演。昨年9月に...
「夫自死」の上原多香子が交わしていた不貞LINEと背徳の家族計画！,8月10日発売の「女性セブン」に、ショッキングな記事が掲載された。元SPEEDメンバーで、14年に“最愛の夫”であったヒップホップグル...
ハリウッド版「デスノート」に原作者が太鼓判！小畑健描き下ろしイラスト公開,大場つぐみ氏（原作）と小畑健氏（作画）による日本の人気漫画をNetflixが実写映画化するハリウッド版「Death Note デスノー...
黒革の手帖「年齢差カップル」にツッコミの嵐!?,"黒革の手帖「年齢差カップル」にツッコミの嵐!?

　８月３日、武井咲（２３）が主演を務めるドラマ『黒革の手帖』（テレビ朝日系）の第３話..."
矢口真里、モー娘。時代の苦悩を明かす「心も体も付いていかなかった...」,"矢口真里がアイドル時代の苦悩を振り返った (C)AbemaTV

矢口真里がMCを務めるトークバラエティー「矢口真里の火曜The NI..."
ハリウッド版『デスノート』小畑健がイラスト描き下ろし！,"クールだぜ！小畑健が描き下ろしたイラスト

　映画化やアニメ化もされた日本の人気コミック「DEATH NOTE」をハリウッドで実写化し..."
「Wanna One」キム・ジェファン、個人練習生生活終了...CJ E&Mと専属契約,韓国アイドルグループ「Wanna One」のメンバーでMnet「プロデュース101（PRODUCE 101） シーズン2」当時、個人練...
石坂浩二が両手に花嫁!? 浅丘ルリ子、加賀まりこがウエディング姿を披露,"「やすらぎの郷」で、浅丘ルリ子、加賀まりこがウエディングドレス姿を披露!! (C)テレビ朝日

倉本聰が脚本を手掛けるシニア世代向け帯..."
福士蒼汰、初舞台は劇団☆新感線 宮野真守とWチームでの初主演「一緒に走っていきたい」,"福士蒼汰の初舞台は劇団☆新感線の代表作『髑髏城の七人』　宮野真守とのWチームで初主演に挑戦

　俳優の福士蒼汰（24）が、劇団☆新感線..."
石坂浩二と浅丘ルリ子&加賀まりこ、ウエディングドレスで謎の3ショット！,脚本家・倉本聰とテレビ朝日がタッグを組み、この春に新設されたシニア向け帯ドラマ劇場・第１弾『やすらぎの郷』。注目の本作から、主演の石坂...
武田玲奈、NHKドラマ初出演 植木等さん&小松政夫さんの師弟コンビ描く,"NHKドラマ『植木等とのぼせもん』に出演する武田玲奈 （C）NHK

　女優でモデルの武田玲奈が、昭和の大スター・植木等さんと周囲の人..."
虹コン・だぁやめ、17歳の誕生日にメンバーからも、ファンからも愛される！,虹のコンキスタドール/サジタリアス流星群(虹コン青組)・だぁやめ(岡田彩夢)が、「岡田彩夢生誕イベント『みんなと夢を彩りたい！～吾輩は...
島袋寛子 極秘転居の陰にあった12歳年下夫・早乙女友貴の男気,"昨年9月、12歳年下の早乙女友貴（21）と電撃婚した元SPEEDの島袋寛子（33）。
 
夫の早乙女は7月7日からロングラン中の舞台『..."
石坂浩二、両手に花嫁姿の浅丘ルリ子&加賀まりこ 『やすらぎの郷』は何でもあり,"テレビ朝日系『やすらぎの郷』より（C）テレビ朝日

　俳優の石坂浩二が主演するテレビ朝日系帯ドラマ劇場『やすらぎの郷』（月～金　後0：..."
Netflix版「デスノート」小畑健の描き下ろしイラスト到着,8月25日より配信されるNetflixオリジナル映画「Death Note/デスノート」。このたび、小畑健が本作のために描き下ろしイラ...
【コスプレ20選】ハイレベルなコスプレ美女が勢ぞろい！大盛況となった世界コスプレサミット2017を振り返る,"すーぱーそに子(左：琉優さん)と、「デッド オア アライブ」シリーズのレイファン(右：天津いちはさん) 

世界中からハイクオリティな..."
Netflix版「デスノート」に小畑健「こういうデスノートも描いてみたかった」,大場つぐみ・小畑健「DEATH NOTE」を原作としたNetflixオリジナル映画「Death Note/デスノート」が8月25日より...
Netflixオリジナル映画『Death Note／デスノート』描き下ろしイラスト解禁！,日本でアニメ化、映画化され社会現象を巻き起こした「DEATH NOTE」をハリウッド版として蘇らせたNetflixオリジナル映画『De...
大場つぐみ「これぞハリウッド」 Netflix『Death Note／デスノート』小畑健、描き下ろしイラスト到着,本作でメガホンを握ったのは、『サプライズ』『ザ・ゲスト』のアダム・ウィンガード監督。「このストーリーは、クレイジーすぎてほとんどの製作...
乃木坂46生駒里奈 宇宙飛行士・毛利衛氏に会えて驚き,"乃木坂４６の生駒里奈（左）と原作者の毛利衛氏＝東京・天王洲

　乃木坂４６の生駒里奈（２１）が９日、東京・天王洲銀河劇場で舞台「モマの..."
岸惠子 84歳まだまだ若い 「自分に対する見栄とハッタリで生きてる」,"トークショーを行った岸惠子＝都内

　女優の岸惠子（８４）が９日、都内で「スペシャルトークショー　夢のあとさき」を行った。１１日には８..."
山崎賢人 女子校で“野菜先生” サプライズ講義でボケ連発,"学生たちに囲まれる山崎賢人＝東京・四谷

　俳優の山崎賢人（２２）が９日、東京・千代田女学園高校でサプライズの課外授業を行った。カゴメ..."
道端アンジェリカ 年上会社員と熱愛！ゴールイン宣言も 「すぐ子供が欲しい」,"下着姿で登場した道端アンジェリカ＝東京都港区のベクトルスタジオ　

　モデルの道端アンジェリカ（３１）が９日、都内で、下着ブランド「ジ..."
緊迫のサバイバルスリラー「ノー・エスケープ 自由への国境」BD&DVD 10・18発売,"映画「ノー・エスケープ 自由への国境」のBlu-ray＆DVDが、10月18日（水）に発売されることが決定した。

　本作は「ゼロ・グ..."
A.B.C-Z “思い出の地”横浜アリーナで5周年公演,ジャニーズの５人組Ａ．Ｂ．Ｃ－Ｚが９日、横浜アリーナで、５周年記念ツアー「５Ｓｔａｒｓ　５Ｙｅａｒｓ　Ｔｏｕｒ」の横浜公演を行った。　...
菊川怜 「とくダネ！」9月29日で卒業へ 家族の時間増やす,"「とくダネ！」を卒業することになった菊川怜　

　女優の菊川怜（３９）がＭＣを務めるフジテレビ系朝の情報番組「とくダネ！」（月～金曜、..."
広瀬すず&菅田将暉 真夏の六本木で花火300発に大感激,"花火点火セレモニーに登場した（右から）菅田将暉、広瀬すず、宮野真守＝東京ミッドタウン　コートヤード

　アニメ「打ち上げ花火、下から見..."
加護亜依、筋肉すごい！ゴルフ中のスラリ伸びた脚に称賛,"加護亜依、ゴルフ女子になる？（加護亜依Instagramのスクリーンショット）

　元モーニング娘。の加護亜依（29）が8日、打ちっぱ..."
人気海外ドラマ「ゲーム・オブ・スローンズ」製作費は1話1000万ドル？,HBOの人気テレビドラマ・シリーズ「ゲーム・オブ・スローンズ（GOT）」の製作費がシリーズを追うごとに増え、シーズン6（2016年放送...
紗栄子、事務所が破局否定せず「プライベートは任せている」,モデルで女優の紗栄子（３０）とファッション通販サイト「ＺＯＺＯＴＯＷＮ（ゾゾタウン）」を運営するスタートトゥデイの前沢友作社長（４１）...
【4コマ】美人のツバも臭いのか？,"漫画：桃吐マキル
前の話へ｜最新話から動画・画像が表示されていないときはこちらから"
石坂浩二、浅丘ルリ子&加賀まりこと「奇跡」のやすらぎウエディング,因縁の結婚スリーショットが実現！　放送中のテレビ朝日系ドラマ「やすらぎの郷」（月〜金曜後０・３０）で、主演俳優、石坂浩二（７６）が元妻...
菊川怜『とくダネ！』卒業！子作りにも前向き「家族の時間を作りたい」,女優、菊川怜（３９）が９月２９日でキャスターを務めるフジテレビ系情報番組「とくダネ！」（月〜金曜前８・０）を卒業することが９日、同局か...
A.B.C-Z、初の横浜アリーナ！塚田「先輩見ていいなと思っていた」,"男性５人組、Ａ．Ｂ．Ｃ－Ｚが９日、５周年ツアーの横浜アリーナ公演を行った。
　５人はジャニーズＪｒ．時代に同所でＫｉｎＫｉ　Ｋｉｄｓや..."
米カントリー歌手のグレン・キャンベル氏が死去、81歳,グレン・キャンベル氏（米カントリー歌手）が８日、米テネシー州ナッシュビルで死去、８１歳。米紙ニューヨーク・タイムズ（電子版）などによる...
EXILE一族ら総勢60人！「HiGH&LOW2」披露イベント,ＥＸＩＬＥ　ＴＲＩＢＥ（一族）の岩田剛典（２８）、黒木啓司（３７）、俳優、中村蒼（２６）ら総勢６０人が９日、東京都内で行われた映画「Ｈ...
広瀬すず、浴衣姿でドッキリ発言！「手紙を書いて渡したりしていた」,女優、広瀬すず（１９）が９日、東京都内で行われたアニメ映画「打ち上げ花火、下から見るか？横から見るか？」（新房昭之総監督、１８日公開）...
道頓堀にジャッキーちゃん!本家ジャッキー・チェンの主演映画PR,香港俳優、ジャッキー・チェン（６３）のものまねで人気のタレント、ジャッキーちゃん（４２）が９日、大阪・道頓堀で本家の主演映画「スキップ...
サバンナ・高橋、川田アナと大阪再発見！「御堂筋のすごさがわかった」,お笑いコンビ、サバンナの高橋茂雄（４１）とフリーアナウンサーの川田裕美（３４）が９日、テレビ大阪「ＯＳＡＫＡ１番らばー」（８月１９日放...
すち子、乙訓地域のキャンギャル就任！十二単は「暑いですね〜」,吉本新喜劇座長のすっちー（４５）扮するオバハンキャラ、すち子が９日、京都府西部の「乙訓（おとくに）地域」のキャンペーンガールに就任し、...
清水あいり、Hカップのビキニ姿披露！「スタッフは撮影が始まった途端元気に」,グラビアアイドル、清水あいり（２４）が９日、東京都内で行われたＲＰＧゲーム「ファンタシースターオンライン２（ＰＳＯ２）」の新ＣＭ発表会...
さしこ、新CMでダンス披露！「アイドルはあと5年続けられたらいいな」,ＨＫＴ４８のメンバー、指原莉乃（２４）が９日、着せ替えアプリ「ポケコロ」のイメージキャラクターに起用され、１１日から放送される新ＣＭに...
真矢ミキ、夫婦仲円満アピール「いつも鮮度を保っていたい」,女優、真矢ミキ（５３）が９日、東京都内で行われた不動産会社「プロパティエージェント」のイメージキャラクター就任会見に出席。９日発売の「...
西川貴教、新曲は本人名義！AAA末吉秀太「コラボ」で気合十分,歌手、西川貴教（４６）が９日、米仏合作のカーアクション映画「スクランブル」（９月２２日公開）のイメージソングを担当することが決定。これ...
森高千里、17年ぶりのラジオパーソナリティーに「長寿番組でドキドキ」,歌手、森高千里（４８）が９日、１３日放送のニッポン放送「森高千里のミュージックハーモニー」（前７・０）で１７年ぶりにラジオのパーソナリ...
藤井隆「24時間テレビ」関西パーソナリティー決定,２４時間テレビの関西ローカル枠で初のパーソナリティーを務めることが決まった藤井隆　今年４０回目を迎える日本テレビ系「２４時間テレビ」の...
上白石萌音、“午後の紅茶”新CMでaiko「カブトムシ」をカバー！「生涯忘れることはないでしょう(笑)」,上白石萌音が、“キリン 午後の紅茶”の新ブランドTVCM「おちつけ、恋心。」篇で、aikoの1996年のヒット曲「カブトムシ」をカバー...
ゆずが桐谷健太と初共演！山梨の能楽殿で「海の声」「栄光の架橋」などをコラボ,デビュー20周年イヤーを迎えているゆずが8月9日、山梨・身曾岐神社 能楽殿にて、ファンクラブライブ『ゆずの輪 presents 夏祭り...
脳内リピート必至！指原莉乃(HKT48/STU48)、TVCMで謎のアイドルソングを披露,ポケットに住み着く「コロニアン」の着せ替えを通じて、友達とのゆるいコミュニケーションが楽しめる着せ替えアプリ『ポケコロ』のイメージキャ...
【FGO】黄金劇場の歌姫！ネロ・クラウディウス〔キャスター〕のステータスと特徴,2017年夏イベント「デッドヒート・サマーレース　～夢と希望のイシュタルカップ2017～」で★5キャスターとして登場したネロ・クラウデ...
かつての城下町で“意外な需要”を生んでいるものとは...,"かつての城下町で“意外な需要”を生んでいるものとは…
8月10日放送の『空から日本を見てみよう＋』（BSジャパン、毎週木曜21:00～..."
矢口真里がモー娘。時代の苦痛を激白 「心も身体もついていかなかった」,（画像はAbemaTVのスクリーンショット）アイドルグループ「モーニング娘。」の元メンバーで、当時多忙な日々を送っていた矢口真里（34...
西川貴教、新曲は本人名義！AAA末吉秀太「コラボ」で気合十分,歌手、西川貴教（４６）が９日、米仏合作のカーアクション映画「スクランブル」（９月２２日公開）のイメージソングを担当することが決定。これ...
森高千里、17年ぶりのラジオパーソナリティーに「長寿番組でドキドキ」,歌手、森高千里（４８）が９日、１３日放送のニッポン放送「森高千里のミュージックハーモニー」（前７・０）で１７年ぶりにラジオのパーソナリ...
藤井隆「24時間テレビ」関西パーソナリティー決定,２４時間テレビの関西ローカル枠で初のパーソナリティーを務めることが決まった藤井隆　今年４０回目を迎える日本テレビ系「２４時間テレビ」の...
上白石萌音、“午後の紅茶”新CMでaiko「カブトムシ」をカバー！「生涯忘れることはないでしょう(笑)」,上白石萌音が、“キリン 午後の紅茶”の新ブランドTVCM「おちつけ、恋心。」篇で、aikoの1996年のヒット曲「カブトムシ」をカバー...
ゆずが桐谷健太と初共演！山梨の能楽殿で「海の声」「栄光の架橋」などをコラボ,デビュー20周年イヤーを迎えているゆずが8月9日、山梨・身曾岐神社 能楽殿にて、ファンクラブライブ『ゆずの輪 presents 夏祭り...
脳内リピート必至！指原莉乃(HKT48/STU48)、TVCMで謎のアイドルソングを披露,ポケットに住み着く「コロニアン」の着せ替えを通じて、友達とのゆるいコミュニケーションが楽しめる着せ替えアプリ『ポケコロ』のイメージキャ...
【FGO】黄金劇場の歌姫！ネロ・クラウディウス〔キャスター〕のステータスと特徴,2017年夏イベント「デッドヒート・サマーレース　～夢と希望のイシュタルカップ2017～」で★5キャスターとして登場したネロ・クラウデ...
かつての城下町で“意外な需要”を生んでいるものとは...,"かつての城下町で“意外な需要”を生んでいるものとは…
8月10日放送の『空から日本を見てみよう＋』（BSジャパン、毎週木曜21:00～..."
矢口真里がモー娘。時代の苦痛を激白 「心も身体もついていかなかった」,（画像はAbemaTVのスクリーンショット）アイドルグループ「モーニング娘。」の元メンバーで、当時多忙な日々を送っていた矢口真里（34...
サバンナ高橋 大阪の一番を見つけるバラエティーで「大阪が1番」,テレビ大阪の地元密着型バラエティー番組「ＯＳＡＫＡ１番らばー」（１９日後６・５８）の収録が５日あり、ＭＣを務める「サバンナ」高橋茂雄（...
菊川怜 9月いっぱいで「とくダネ」卒業 家族との時間を最優先,女優の菊川怜（３９）が、９月２９日をもってフジテレビ「情報プレゼンター　とくダネ！」の司会を卒業することが９日、同局から発表された。２...
初代ゴジラ・中島春雄さん死去 英米メディアが一斉に報じる,特撮怪獣映画の金字塔「ゴジラ」で初代ゴジラを演じた俳優・中島春雄さんが8月7日、肺炎のため88歳で死去。米ニュース専門放送局CNN、英...
"上白石萌音、""環境難民""に「心がヒリヒリする」ドキュメ番組でナレーション",女優の上白石萌音が、19日(10:25～11:45)に放送されるフジテレビのドキュメンタリー番組『環境クライシス～沈みゆく大陸の環境難...
『24時間テレビ』関西ローカルパーソナリティーに藤井隆ら起用,"『24時間テレビ40』YTV発パーソナリティーに藤井隆（中央）、中谷しのぶアナ（左）、虎谷温子アナ （C）読売テレビ

　26日、27..."
指原莉乃、結婚は30代で...あと5年はアイドルを！,"指原莉乃が結婚について言及 

ことし6月に行われたAKB48選抜総選挙で前人未到の3連覇を果たした指原莉乃が、8月11日(金)からオ..."
上白石萌音、“環境難民”ドキュメンタリーでナレーション「意識することが大事」,フジテレビ系ドキュメンタリー番組『チャンネルΣ　環境クライシス～沈みゆく大陸の環境難民～』（前10：25）でナレーションを務める上白石...
藤井隆が24時間テレビ関西枠のパーソナリティに就任「お会いできますよう」,「24時間テレビ40 告白～勇気を出して伝えよう～」（日本テレビ系）の関西ローカル枠のパーソナリティに藤井隆が選ばれた。左から中谷しの...
A.B.C-Z初の横浜アリーナ「凱旋した気分」,ジャニーズ５人組グループＡ．Ｂ．Ｃ－Ｚが９日、デビュー５周年記念全国ツアー「Ａ．Ｂ．Ｃ－Ｚ　５ｓｔａｒ　５ｙｅａｒｓ　Ｔｏｕｒ」横浜ア...
最優秀新番組は「THIS IS US 36歳、これから」 第33回テレビ批評家協会賞,最優秀新番組に輝いた「THIS IS US 36歳、これから」より - Ron Batzdorff / NBC / NBCU Phot...
指原莉乃が脳内リピート必至 謎のアイドルソング披露,ポケットに住み着く「コロニアン」の着せ替えを通じて、友達とのゆるいコミュニケーションが楽しめる着せ替えアプリ「ポケコロ」（ココネ）のイ...
[8月10日 今日のバースデー],"Japan
DF深津康太(町田、1984)*ゴール前の制空権を握る高さが持ち味のDF。
DF島村毅(湘南、1985)*プロ入り後、FW..."
【J1採点&寸評】仙台×磐田|再三の好機を逃した磐田。身体を張って奮闘した仙台の増嶋をMOMに,"【チーム採点・寸評】
仙台　5.5
守備に追われる時間帯が長くなり、決定機は少なかった。ただ、守備陣が踏ん張って７試合ぶりの無失点で終..."
【柏】問題の転倒シーンに、助っ人ふたりの退場...。下平監督は「苦しいジャッジ」と言及,"［J１リーグ21節］柏 ０-０ 鳥栖／８月９日／柏
 
　終始ゲームの主導権を握った柏が決定機を何度も作ったが、最後まで得点を奪えず、..."
【FC東京】前田遼一がついに到達したJ1通算400試合出場。メモリアルデーに自ら祝砲を,"[J１リーグ・21節]大宮 １-２ FC東京／８月９日（水）／NACK
 
　J１通算400試合出場を達成した試合での今季初得点。そし..."
アビスパ福岡冨安 闘莉王封じだ 「競り合い異次元の強さ」でも食らいつく,■あすアウェー京都戦　Ｊ２で２位につけるアビスパ福岡のＵ－２０（２０歳以下）日本代表ＤＦ冨安健洋（１８）が、１１日のアウェー京都戦での...
【若鷹、あの夏】2010年興南・島袋 大逆転の道中、主将が繰り出した「禁じ手」,（２０１０年　準決勝　興南６－５報徳学園）　思い返すと、島袋（現ソフトバンク）は今でも笑いがこみ上げてくる。７年前の夏。興南ナインは、...
西武・秋山決勝三塁打 金子侑、源田と快足トリオで躍動,グッとためをつくって一気に振り抜いた。３点リードを追いつかれた直後の５回２死一塁。秋山は左腕山崎福のカーブを捉えた。右中間を破る適時三...
西武・光成復帰登板！森は1号 2軍・日本ハム戦,右肩違和感で２軍調整中の高橋光が９日のイースタン・日本ハム戦（西武第二）で実戦復帰した。５月１７日のロッテ戦以来のマウンドで、６回から...
西武・十亀腰の張りで抹消,今季６勝を挙げている十亀が、腰の張りのために出場選手登録を抹消された。８日のオリックス戦に先発し、２回０／３を５失点（自責３）で５敗目...
最終調整快音響く 早稲田佐賀10日初戦,第９９回全国高校野球選手権大会の県代表、早稲田佐賀は１０日の第４試合（午後３時半）で聖心ウルスラ学園（宮崎）との初戦を迎える。試合を控...
ガールズコレクション・トライアルレース,ＪＫＡは９日、２０１８年５月のＧ１第７２回日本選手権競輪（平塚・１～６日）内で実施するＦ２「ガールズコレクション（Ｃ）２０１８平塚ステ...
V・ファーレン長崎・畑が沼津へ,Ｊ２のＶ・ファーレン長崎は９日、ＦＷ畑潤基（２２）がＪ３沼津へ期限付きで移籍すると発表した。期間は７日から来年１月末まで。今季Ｊ２で５...
日本男子がスペインとの全勝対決を制してグループ首位通過 [ワールドジュニアU14 決勝大会],「ワールドジュニア 決勝大会（男女14才以下 国別対抗戦）」（チェコ・プレステヨフ／8/7～12／クレーコート）の大会の3日目は、予選...
2年生エースの土浦日大・富田が雪辱誓う「この負けを来年につなげる」,"８回、吉川に左前打を打たれ１１点目を許した富田。捕手小沢

　「全国高校野球選手権・１回戦、松商学園１２－３土浦日大」（９日、甲子園球..."
山梨学院、2桁失点の完敗...ショック隠せず,"３回、小池に２ランを許す吉松

　「全国高校野球選手権・１回戦、前橋育英１２－５山梨学院」（９日、甲子園球場）　山梨学院は３被弾や１３..."
松商学園17年ぶり甲子園勝利 “スーパーカートリオ”10安打5盗塁,"１回、二盗を決める渡辺。遊撃手は星野

　「全国高校野球選手権・１回戦、松商学園１２－３土浦日大」（９日、甲子園球場）　松商学園（長野..."
初戦で作新学院夏連覇消える エースの大関、潔く涙なし,"５回、捕手の加藤（奥）が後逸し勝ち越しを許す。左は大関

　「全国高校野球選手権・１回戦、盛岡大付４－１作新学院」（９日、甲子園球場）..."
作新学院・大久保、親子3代の夢「甲子園」で雄叫び,"９回、死球を受け気迫の表情を好投手の盛岡大付・平松（左手前）に向ける作新学院・大久保

　「全国高校野球選手権・１回戦、盛岡大付４－１..."
“連覇キラー”盛岡大付 作新学院の夢砕く  平松2安打1失点完投,"力投する盛岡大付・平松（撮影・佐藤厚）

　「全国高校野球選手権・１回戦、盛岡大付４－１作新学院」（９日、甲子園球場）　今春センバツ８..."
明徳 延長十二回の死闘制す 2番手・市川が好投！六回から0封で勝利呼んだ,"延長戦を制し歓喜する明徳義塾ナイン（撮影・佐藤厚）

　「全国高校野球選手権・１回戦、明徳義塾６－３日大山形」（９日、甲子園球場）　昨..."
巨人、真夏の悪夢 七回逆転も九回カミネロ誤算...由伸監督「逃げ切らないと」,"９回、ロジャースに勝ち越し犠飛を浴びたカミネロ（右から２人目）＝撮影・堀内翔

　「巨人４－５阪神」（９日、東京ドーム）　巨人は勝利を..."
【関屋記念】ウインガニオン 絶好の気配 4連勝で夏のマイル王へ,"勢い十分に夏のマイル王を目指すウインガニオン

　「関屋記念・Ｇ３」（１３日、新潟）　中京記念覇者ウインガニオンは９日、単走ながらしっ..."
ロジャース、千金V犠飛 金本監督も称賛「やっぱり頭がいいね」,"９回、勝ち越し犠飛を放ち、福留の肩をもんでねぎらうロジャース（左）＝撮影・飯室逸平

　「巨人４－５阪神」（９日、東京ドーム）　逆転の..."
鹿島・夢生 奪首弾でケジメ 移籍オファーも残留選択「プレーで示す必要あった」,"前半、ドリブルで攻め込む鹿島・金崎（左）

　「明治安田生命Ｊ１、神戸１－２鹿島」（９日、ノエビアスタジアム神戸）　鹿島がＦＷ金崎夢生..."
福留、激走！九回同点三塁打&犠飛で生還 逆転G倒で自力V復活,"９回、同点の適時三塁打を放ち、二塁を回る福留（撮影・堀内翔）

　「巨人４－５阪神」（９日、東京ドーム）　ベテランの激走で逆転勝利をつ..."
ロジャーズ杯テニス・談話,◇打ち急いでミスした　錦織圭　大事なポイントで打ち急いでミスをしたことに尽きる。勝っていてもおかしくない試合。最後のタイブレークで相手...
【J1採点&寸評】甲府0-1浦和|超美弾の背番号10がMOM！ラストマッチの関根は...,"[J１リーグ21節]甲府０-１浦和／８月９日／中銀スタ
 
【チーム採点・寸評】
甲府　６
相手より多くのチャンスを作り出して、強豪相..."
【神戸】2試合連続の逆転負け――攻守のキーマンが語る不調の原因とは？,"[J１第21節] 神戸　１-２　鹿島／８月９日／ノエスタ／19,039人
 
　前節・柏戦に続き、またもや先制しながらも、手痛い逆転負..."
羽生 神プログラム再び 66年ぶり五輪連覇へ 平昌フリーは「SEIMEI」,"平昌冬季五輪に向け練習する羽生結弦

　フィギュアスケートソチ五輪男子金メダリストの羽生結弦（２２）＝ＡＮＡ＝が８日（日本時間９日）、..."
山中 足で勝つ！具志堅氏からフットワークの重要性を再認識 V13戦へ万全仕上げ,"練習を公開しスパーリングを行う山中慎介

　「ボクシング・ＷＢＣ世界バンタム級タイトルマッチ」（１５日、島津アリーナ京都）　元ＷＢＡ世..."
大瀬良7失点6回途中KO 連勝止まった今季初黒星...マジック 1日で消滅,"６回、京田（右）に一塁内野適時安打を浴びた大瀬良（撮影・吉澤敬太）

　「中日７－１広島」（９日、ナゴヤドーム）　広島・大瀬良大地投手..."
夏の甲子園で一度も決勝戦に進出したことがない8つの県とは？【1】,先のコラムで夏の甲子園で優勝経験のある都道府県や準優勝止まりの都道府県について書いたが、この2つを合わせると39都道府県。あと8つの県...
菜七子 20歳の誕生日に誓い「さらに気を引き締めて」,"報道陣からプレゼントされた誕生日ケーキに笑みを浮かべる藤田菜七子

　大きな節目のバースデーだ。藤田菜七子騎手＝美浦・根本＝が９日、２..."
C大阪 山村復帰弾も首位陥落 尹晶煥監督「集中した姿見せてくれなかった」,"前半、先制ゴールを決めるＣ大阪・山村（右）

　「明治安田生命Ｊ１、清水３－２Ｃ大阪」（９日、ＩＡＩスタジアム日本平）　Ｃ大阪は清水に..."
王氏、世界少年野球大会ウエルカムパーティーに出席「元気づけられています」,ソフトバンク球団会長で、世界少年野球推進財団理事長・王貞治氏（７７）が９日、横浜市のホテル横浜ガーデンで行われた第２７回世界少年野球大...
浦和・関根 涙の誓い「浦和のプライドを持って戦う」 独2部移籍へラストゲーム,"甲府を破り、サポーターにあいさつする浦和イレブン

　「明治安田生命Ｊ１、甲府０－１浦和」（９日、山梨中銀スタジアム）　浦和は１－０で..."
神戸・ハーフナー 不発デビュー 今後に向けて「自分の持ち味出していく」,"後半、鹿島・植田（奥）とヘディングで競り合う神戸・ハーフナー

　「明治安田生命Ｊ１、神戸１－２鹿島」（９日、ノエビアスタジアム神戸）..."
前橋育英4番・飯島、左手首骨折したまま弾  激痛耐え3安打3打点,"７回、左中間へ本塁打を放つ前橋育英・飯島

　「全国高校野球選手権・１回戦、前橋育英１２－５山梨学院」（９日、甲子園球場）　１回戦４試..."
ロッテ、カード負け越し 伊東監督「1点の壁が厚い」,"３回、松田（左）に先制本塁打を浴びるロッテ・スタンリッジ

　「ロッテ２－３ソフトバンク」（９日、ＺＯＺＯマリンスタジアム）　打倒・ソ..."
大坂なおみが第15シードのセバストワを倒してプレミア5で初の2回戦突破 [ロジャーズ・カップ],「ロジャーズ・カップ」（WTAプレミア5／カナダ・トロント／8月7～13日／賞金総額273万5139ドル／ハードコート）の女子シングル...
錦織は初戦敗退=モンフィスに逆転負け-男子テニス,【モントリオール（カナダ）時事】男子テニスのマスターズ大会、ロジャーズ・カップは９日、カナダのモントリオールで行われ、世界ランキング９...
元バルサのメキシコ代表主将DFマルケス、麻薬組織関与で米財務省から制裁,メキシコ代表DFラファエル・マルケスが、麻薬取引に関与している疑いで、アメリカ財務省から制裁を科された。アメリカメディア『ESPN』が...
大会ナンバーワン左腕・山下輝(木更津総合)が登場！3日目4試合の見どころを徹底解説！,山下輝（木更津総合）　第99回全国高等学校野球選手権大会3日目。この日は今大会を代表する投手が数多く登場。4試合ともに接戦が期待できそ...
錦織、まさかの逆転で初戦敗退 モンフィスの驚異的粘りに屈す,テニスのロジャーズ・カップは９日、モントリオールで行われ男子シングルス２回戦で世界ランキング９位で第５シードの錦織圭（２７＝日清食品）...
村尾、リベンジVだ！フジサンケイジュニアゴルフ選手権10日開幕,ジュニアゴルフの夏のビッグイベント「ＴＯＭＡＳ　ＣＵＰ　２０１７　フジサンケイジュニアゴルフ選手権」は１０日から２日間、千葉・ロイヤル...
パンダが決めた！阪神・ロジャース、伝統の一戦で大仕事,（セ・リーグ、巨人４－５阪神、１５回戦、巨人８勝７敗、９日、東京Ｄ）手をたたき、弾むような足取りでベンチへ戻ってきた。ロジャースの決勝...
マエケン、5回1失点も救援打たれ11勝お預け,ダイヤモンドバックス６－３ドジャース（８日、フェニックス）ドジャース・前田健太投手（２９）がダイヤモンドバックス戦に先発し、５回４安打...
勝みなみ、プロデビュー戦へ「上位入賞目指す」／国内女子,女子ゴルフの「ＮＥＣ軽井沢７２」が１１日から３日間、長野・軽井沢７２Ｇ北Ｃ（６６５５ヤード、パー７２）で開催される。先月のプロテストに...
山中、衝撃告白！危機的スランプ乗り越えていた「何とか戻せた」／BOX,日本歴代１位タイとなる連続１３度目の防衛を目指す王者の山中慎介（３４）＝帝拳＝が９日、東京都内の所属ジムで練習を公開し、最近まで危機的...
阪神・藤浪、10日鯉戦先発 掛布2軍監督「当てたりしなければ大丈夫」,１０日のウエスタン・広島戦（倉敷）に先発する阪神・藤浪は９日、鳴尾浜でキャッチボールなどで調整した。前回４日の中日戦（鳴尾浜）では５回...
広島、一夜でM消滅...ナゴヤDで大瀬良無敗伝説オワリ,（セ・リーグ、中日７－１広島、１７回戦、広島１０勝５敗２分、９日、ナゴヤＤ）わずか１日で…。前日８日に初点灯した広島の優勝マジック「３...
明徳義塾、日大山形に幸運リベンジ！馬淵監督は50勝王手,第９９回全国高校野球選手権大会第２日（９日、甲子園）１回戦４試合が行われた。８年連続１９度目出場の明徳義塾（高知）は延長十二回、６－３...
C大阪、首位陥落...2-0から清水に逆転負けし2位後退,明治安田Ｊ１第２１節（９日、アイスほか）首位のＣ大阪は清水に２点を先行しながら、２－３で逆転負けし、２位に後退した。アウェーの鹿島が２...
サニブラウン 男子200決勝進出、日本選手14年ぶり快挙「メダル食い込みたい」,陸上の世界選手権第６日は９日、英ロンドンで行われ、男子２００メートル準決勝に出場したサニブラウン・ハキーム（１８＝東京陸協）は２０秒４...
C大阪・杉本、連続得点5試合でストップ「あかんかった...」,明治安田Ｊ１第２１節（９日、清水３－２Ｃ大阪、アイス）日本代表入りが期待されるＣ大阪ＦＷ杉本は不発に終わり、連続得点は５試合で途切れた...
羽生、五輪へ勝負曲『陰陽師』復活！「もちろん連覇」／フィギュア,【トロント（カナダ）８日（日本時間９日）＝鈴木智紘】フィギュアスケート男子で６６年ぶりの冬季五輪２連覇を目指す羽生結弦（２２）＝ＡＮＡ...
松山「耐えて」勝つ！日本男子初のメジャー制覇へ18H練習／全米プロ,【シャーロット（米ノースカロライナ州）９日＝白石大地】男子ゴルフの今季メジャー最終戦「全米プロ」は、１０日から４日間、当地のクウェイル...
盛岡大付、王者・作新学院を2安打斬り！平松が1失点完投,第９９回全国高校野球選手権大会第２日（９日、甲子園）１回戦４試合が行われた。盛岡大付（岩手）は昨夏全国制覇を果たした作新学院（栃木）に...
松商学園、単打20本でコツコツ12点！伝統校に復活の兆し,第９９回全国高校野球選手権大会第２日第２試合（松商学園１２－３土浦日大、９日、甲子園）主砲の打棒がチームを勢いづけた。一回一死一、三塁...
作新学院、夏連覇ならず...添田主将「のびのびやれた」,第９９回全国高校野球選手権大会第２日第１試合（作新学院１－４盛岡大付、９日、甲子園）打線が２安打に押さえ込まれ、史上７校目の夏連覇を逃...
松山「耐えて」勝つ！日本男子初のメジャー制覇へ18H練習／全米プロ,【シャーロット（米ノースカロライナ州）９日＝白石大地】男子ゴルフの今季メジャー最終戦「全米プロ」は、１０日から４日間、当地のクウェイル...
盛岡大付、王者・作新学院を2安打斬り！平松が1失点完投,第９９回全国高校野球選手権大会第２日（９日、甲子園）１回戦４試合が行われた。盛岡大付（岩手）は昨夏全国制覇を果たした作新学院（栃木）に...
松商学園、単打20本でコツコツ12点！伝統校に復活の兆し,第９９回全国高校野球選手権大会第２日第２試合（松商学園１２－３土浦日大、９日、甲子園）主砲の打棒がチームを勢いづけた。一回一死一、三塁...
作新学院、夏連覇ならず...添田主将「のびのびやれた」,第９９回全国高校野球選手権大会第２日第１試合（作新学院１－４盛岡大付、９日、甲子園）打線が２安打に押さえ込まれ、史上７校目の夏連覇を逃...
巨人・カミネロ、また背信で5敗目...守護神配置転換も,（セ・リーグ、巨人４－５阪神、１５回戦、巨人８勝７敗、９日、東京Ｄ）巨人は９日、阪神１５回戦で、１点リードの九回にアルキメデス・カミネ...
攻守の柱だ！DeNA・戸柱が2戦連発「振り負けないこと心がけていた」,（セ・リーグ、ヤクルト２－７ＤｅＮＡ、１７回戦、ＤｅＮＡ１１勝６敗、９日、神宮）ＤｅＮＡは９日、ヤクルト１７回戦（神宮）に７－２で快勝...
鹿島、金崎2発で奪首！勝てばW杯...ハリルJ豪倒の切り札だ,明治安田Ｊ１第２１節（９日、ノエビアスタジアム神戸ほか）鹿島がＦＷ金崎夢生（２８）の２ゴールで神戸に２－１で逆転勝ちし、勝ち点４６で首...
巨人・阿部、死球に負けず犠飛 10日の出場「たぶん大丈夫」,（セ・リーグ、巨人４－５阪神、１５回戦、巨人８勝７敗、９日、東京Ｄ）通算２０００安打まであと４本の阿部は、２打数無安打。五回には右脇腹...
浦和・堀監督が初勝利！関根は号泣ラストマッチ「また戻ってくる」,"明治安田Ｊ１第２１節（９日、甲府０－１浦和、中銀ス）浦和は甲府に１－０で勝ち、堀孝史監督（４９）就任後２戦目で初勝利。
　号泣しながら..."
前橋育英3発12点！4番・飯島が骨折なんの弾「押し込みました」,第９９回全国高校野球選手権大会第２日第３試合（前橋育英１２－５山梨学院、９日、甲子園）激痛に耐えての一撃だった。１１－５で迎えた七回、...
好救援！西武・武隈、4勝目「バッター陣に感謝ですね」,（パ・リーグ、オリックス４－８西武、１６回戦、オリックス９勝７敗、９日、京セラ）四回に岡本が４－４と追いつかれ、なお二死満塁で救援した...
西武・源田、中西太超え！球団新人単独6位の109安打「積み重ねていきたい」,（パ・リーグ、オリックス４－８西武、１６回戦、オリックス９勝７敗、９日、京セラ）西武は９日、オリックス１６回戦（京セラ）に８－４で勝利...
40歳激走！阪神・福留、九回同点三塁打&執念ホームインや,（セ・リーグ、巨人４－５阪神、１５回戦、巨人８勝７敗、９日、東京Ｄ）阪神は巨人に５－４で逆転勝ち。福留孝介外野手（４０）が激走でＶをも...
九回の奇跡はこの男から！阪神・隼太が口火打「孝介さんサマサマ」,（セ・リーグ、巨人４－５阪神、１５回戦、巨人８勝７敗、９日、東京Ｄ）九回一死。代打・伊藤隼がコールされると、スタンドの虎党がワッと沸い...
阪神・岩貞が抹消...石崎が今季初の1軍昇格！期待に「応えたい」,８日の巨人戦（東京ドーム）で４回６失点ＫＯされ、試合途中に強制帰阪させられた阪神・岩貞祐太投手（２５）が９日、出場選手登録を抹消された...
王氏が断言！清宮は「プロでやれる」広角打法やリーダーシップに太鼓判,「世界の王」が、プロ入りへ太鼓判！！　ソフトバンク球団会長で、世界少年野球推進財団理事長・王貞治氏（７７）が９日、横浜市のホテル横浜ガ...
＜世陸速報＞サニブラウン200mで14年ぶり決勝進出の快挙,ロンドン世界陸上の男子200m準決勝が9日（日本時間10日）現地で行われ、サニブラウン・ハキーム（18、東京陸協）が決勝進出を決めた。...
フェデラー 快勝で初戦突破,"初戦突破を果たしたフェデラー : 画像提供 ゲッティイメージズ
男子テニスのロジャーズ・カップ（カナダ/モントリオール、ハード、ATP..."
サニブラウン 男子200決勝進出、日本選手14年ぶり快挙「メダル食い込みたい」,陸上の世界選手権第６日は９日、英ロンドンで行われ、男子２００メートル準決勝に出場したサニブラウン・ハキーム（１８＝東京陸協）は２０秒４...
柴崎岳とスタメンを争う!? ヘタフェがウルグアイ出身の俊英ボランチを獲得,８月９日、元日本代表MFの柴崎岳を擁するヘタフェが、買い取りを含めて今夏12番目となる新加入選手を発表した。元ウルグアイU-20代表で...
40歳激走！阪神・福留、九回同点三塁打&執念ホームインや,（セ・リーグ、巨人４－５阪神、１５回戦、巨人８勝７敗、９日、東京Ｄ）阪神は巨人に５－４で逆転勝ち。福留孝介外野手（４０）が激走でＶをも...
九回の奇跡はこの男から！阪神・隼太が口火打「孝介さんサマサマ」,（セ・リーグ、巨人４－５阪神、１５回戦、巨人８勝７敗、９日、東京Ｄ）九回一死。代打・伊藤隼がコールされると、スタンドの虎党がワッと沸い...
阪神・岩貞が抹消...石崎が今季初の1軍昇格！期待に「応えたい」,８日の巨人戦（東京ドーム）で４回６失点ＫＯされ、試合途中に強制帰阪させられた阪神・岩貞祐太投手（２５）が９日、出場選手登録を抹消された...
王氏が断言！清宮は「プロでやれる」広角打法やリーダーシップに太鼓判,「世界の王」が、プロ入りへ太鼓判！！　ソフトバンク球団会長で、世界少年野球推進財団理事長・王貞治氏（７７）が９日、横浜市のホテル横浜ガ...
＜世陸速報＞サニブラウン200mで14年ぶり決勝進出の快挙,ロンドン世界陸上の男子200m準決勝が9日（日本時間10日）現地で行われ、サニブラウン・ハキーム（18、東京陸協）が決勝進出を決めた。...
フェデラー 快勝で初戦突破,"初戦突破を果たしたフェデラー : 画像提供 ゲッティイメージズ
男子テニスのロジャーズ・カップ（カナダ/モントリオール、ハード、ATP..."
サニブラウン 男子200決勝進出、日本選手14年ぶり快挙「メダル食い込みたい」,陸上の世界選手権第６日は９日、英ロンドンで行われ、男子２００メートル準決勝に出場したサニブラウン・ハキーム（１８＝東京陸協）は２０秒４...
柴崎岳とスタメンを争う!? ヘタフェがウルグアイ出身の俊英ボランチを獲得,８月９日、元日本代表MFの柴崎岳を擁するヘタフェが、買い取りを含めて今夏12番目となる新加入選手を発表した。元ウルグアイU-20代表で...
楽天・茂木 今季3本目！初球先頭打者弾 02年稼頭央に並ぶパ記録,"◇パ・リーグ　楽天６―５日本ハム（２０１７年８月９日　Ｋｏｂｏパーク宮城）
　積極性のかたまりだ。楽天・茂木栄五郎内野手（２３）が９日..."
錦織はモンフィスに初黒星で今季2度目の初戦敗退 [ロジャーズ・カップ],「ロジャーズ・カップ」（ATP1000／カナダ・モントリオール／8月7～13日／賞金総額466万2300ドル／ハードコート）の男子シン...
木更津総合ドクターK山下／10日高校野球見どころ,"木更津総合・山下＜全国高校野球選手権＞◇１０日◇１回戦◇４試合
　１回戦４試合が行われ、初出場のおかやま山陽、早稲田佐賀などが登場する..."
清水鄭大世、左ふくらはぎ肉離れで2~3週間離脱へ,"清水ＦＷ鄭大世　清水エスパルスＦＷ鄭大世（３３）が左ふくらはぎ肉離れで２～３週間離脱することが９日、分かった。
　小林監督がホームＣ大..."
米、マルケス選手に制裁 サッカー・メキシコ主将、麻薬組織関与で,"ロシア・ソチでのコンフェデレーションズカップにメキシコ代表として出場したラファエル・マルケス選手（2017年6月29日撮影）。

【A..."
錦織、まさかの逆転で初戦敗退 モンフィスの驚異的粘りに屈す,テニスのロジャーズ・カップは９日、モントリオールで行われ男子シングルス２回戦で世界ランキング９位で第５シードの錦織圭（２７＝日清食品）...
【速報】錦織 3回戦進出ならず,"シティ・オープン時の錦織 : 画像提供 ゲッティイメージズ
男子テニスのロジャーズ・カップ（カナダ/モントリオール、ハード、ATP10..."
錦織、モンフィスに逆転負け 4度のマッチポイント生かせず初戦敗退 ロジャーズ杯／テニス,男子テニス　ロジャーズ杯（９日、モントリオール）シングルス２回戦第５シードで世界ランキング９位の錦織圭（２７）＝日清食品＝が、同２２位...
伊東浩司強化委員長が前半総括「選手頑張っている」,世界陸上前半戦の総括をする伊東強化委員長（撮影・河野匠）　ロンドンで開催されている陸上の世界選手権について日本陸連の伊東浩司強化委員長...
阪神福留「足もつれた」9回同点三塁打&激走V生還,"９回裏阪神１死三塁、ロジャースの左飛で生還する福留（撮影・たえ見朱実）＜巨人４－５阪神＞◇９日◇東京ドーム
　阪神福留孝介外野手（４０..."
金本監督9回逆転に大興奮「マテオ打たれた仕返し」,９回表阪神１死三塁、ロジャースの左犠飛で福留が生還し雄たけびを上げる金本監督（右から２人目）ら阪神首脳陣（撮影・横山健太）＜巨人４－５...
「ゴールは見ていない、カウエを見ていた」大久保嘉人、投入後3分58秒で技ありV弾,"[8.9 J1第21節 大宮1-2FC東京 NACK]

　わずか3分58秒後だった。FW前田遼一の今季初ゴールで先制したFC東京は1..."
人に保護され懐いたカラス、飼い主のおじさんとのイチャイチャっぷりを見せつける,"巣から落ちたカラスのヒナを保護して育てたおじさんと、元気に育ったカラスのオットーくん。

優しく力を加減しながらおじさんの鼻をついばみ..."
オランダの風俗嬢が突如ダンス 「飾り窓」から訴えた真実に観光客が硬直...,「Red Light District」（赤線地帯）。オランダの売春地区「飾り窓」です。出典：sborisov / iStock. b...
#184「D☆DATE meets Animals！ 1」,"2017年8月10日連載



#184「D☆DATE meets Animals！　①」



今回はのテーマは「動物」。最初は荒木..."
イチジク浣腸のキャラクター『かんちゃん』がド直球のデザインだった,"イチジク製薬株式会社のfacebookとTwitterに、新たなキャラクターが登場したぞ。その名も『かんちゃん』。
8/2には次のよう..."
ブラシと一緒に回転しまくり。自動洗車機の回転ブラシに店員が巻き込まれてしまうハプニング,アメリカ、ルイジアナ州にある洗車店、ピットストップ・カーウォッシュの店員が、手にしたホースと一緒に洗車用の回転ブラシに巻き込まれてしま...
【おおっ！】ベトナムの薬局店員があまりにも「美人」過ぎて心の傷が治っちゃうと話題に,風をひいたら風邪薬、傷をおったら絆創膏、という感じで人間には便利な治癒アイテムが存在します。もちろん放置しておけば治ったりするものもあ...
「トランポリンよ、さようならー」強風で宇宙船のように飛んで行く瞬間が激写される,トランポリンは風に弱く、ときどき飛ばされることがありますが、アメリカ・アリゾナ州のこの庭にあるのは本格的な大きなタイプ。いくら強風でも...
右・左・上 段ボールで遊ぶネコの姉妹がなかなかのシンクロ率,段ボールの中で遊ぶネコちゃんたちの姿が、Ameba公式トップブロガー・lionさんのブログ「マンチカンズと仲間たち（短足猫のマンチカン...
地下セクシーアイドルのベッド・イン ハグの日だけにハグ画像アップ！ しかし漂う「これじゃない」感......,#ハグの日 全然うまくハグできてない…（まい） pic.twitter.com/9Kj4tWmBV0— ベッド•イン（地下セクシーアイ...
草の中が気持ちいいの！掃除を邪魔する花農園のワンコにほっこり,"絶対に立ち退かないワンコの姿に注目が集まっています。
絶対に立ち退かないワンコ
画像を投稿したのは、福岡県で花き農家を営む高瀬花園（@..."
【今日のにゃんこ】お耳がピコン♡ 音には敏感なアランくん！,"「にゃんか、上が！ 気にニャル！ この大きなお耳があれば、どんな小さな音も聞き逃さにゃいんだから♡」

上でこっそり猫じゃらしを動かし..."
「カルピス飲みたい...」 自販機を見つめるカエルが愛らしい,自販機に張り付いてジュースを見つめているカエルの姿が可愛らしい――こんなツイートが2017年7月25日に投稿され、話題になっている。凄...
だるまさんがころんだをするダックスが可愛い♡,"入り口付近にいるのは、撮影者さんの愛犬のミニチュアダックス。
これから日本で幼少期を過ごした方なら誰もが経験したであろう遊び『だるまさ..."
黒猫が横切ると本当に不吉なの？,"「黒猫が横切る」の不吉な迷信


昔から黒猫は不吉な動物だとされていた事から、黒猫が横切ると不幸な事が起きると言われていました。ちなみ..."
大親友!?眠い猫さんと遊びたいインコのやりとりにホッコリ♪,"猫のちゃまちゃんとインコのうーちゃんです。
大あくびをするちゃまちゃん、すごく眠そう……。

出典：https://www.youtu..."
気になる連休・お盆の天気は 今村涼子の「今天」,"動画を見る（元記事へ）　きょうの「今天」はこちら、「気になる連休・お盆の天気は」です。

くわしくは動画で…"
3歳の少女がポニーに乗ったままお買い物する動画に世界中がほっこり...これもドライブスルーっていうのかな？,ニュージーランドのオポティキにある食料品店「Tirohanga Beach Store」がフェイスブックに投稿していたのは、ドライブス...
父「真ん中みて。よくみて、すごいから」私「すげぇ」ニョキッと生えたものは？,Twitterに投稿され、話題になった一枚の画像。ガソリンスタンドと歩道橋が写った、一見するとなんでもない風景です。撮影者提供：山田（...
朽ち果てた大型船の中を探検する、廃船カヤッキングが素晴らしく楽しそう,"長年放置されて錆だらけになり、廃船となった大型船の中へカヤックで入る、廃船カヤッキングが楽しそう。

沈没船ダイビングほどの危険性はな..."
長崎市長、痛切の訴え「“核の傘”政策見直しを」,"動画を見る（元記事へ）　「核の傘」による安全保障政策を見直すよう強く訴えました。

くわしくは動画で…"
夫婦で合作した「ダンボールロボ」に搭乗するニャンコがめっちゃ可愛い,"夫婦で合作したダンボールロボに乗ったニャンコが可愛いと、Twitterで話題になっています。
夫婦合作のダンボールロボ
画像の投稿者は..."
男の子が乗客たちにかわいい挨拶をして話題に！大人たちの優しい対応もナイス！！,飛行機に乗った男の子が、自分の席にたどり着くまでに座っていたお客さんたちに「フィスト・バンプ（拳を合わせる挨拶）」をする動画が話題です...
混乱のにゃんこ写真「どこまでがしっぽ？」,トーストのようなクッションの上で優雅に横たわるにゃんこ。だが、そのしっぽは、足と一体化しているように見える……。その他の大きな画像はこ...
【インスタ映え】これが同じ現場だと！？プロの実力が違いすぎる写真が話題に！,インスタ映えなんて言葉が今は流行しておりますが、素材もたしかに大事です。大事ですが、それ以上に大事なのはテクニックです。腕が良くなけれ...
猫と友達になりたい赤ちゃんカワウソ ようやくぴったりできたのにまさかの寝落ち,"画像提供：カワウソちぃたん（@love_otter_love）さん
猫にぴったりとくっついて寝てしまう赤ちゃんカワウソが、可愛くて癒や..."
テーブルの上のお菓子が欲しいワンコ！待っていたのは予想外な結末...,"テーブルの上に置いてあるお菓子が欲しいワンコさん！
必死にジャンプしてみますが届きません。

出典：https://www.youtu..."
芸術品？ネコが遊んだ後のトイレットペーパーがオブジェっぽいw,"トイレットペーパーでオブジェを作ってしまったニャンコが注目を集めています。
芸術家のようなニャンコ
画像の投稿者は、Momo Kana..."
オコジョ親子がひょっこり登場！ 茶色の夏毛姿を鮮明にとらえた貴重な出会いに歓喜の声,"野生のオコジョ親子を撮影した貴重な写真がTwitterに公開されました。夏毛姿がとっても愛くるしいですね。
　「日本白鳥の会」会員のm..."
無謀にもライオンに挑もうとする猫！！,アメリカ・テキサス州にある非営利団体・動物研究教育センターのライオンと、猫のバギーを撮影した映像。バギーは尻尾を立ててライオンに向かっ...
日本にしっぽの短い猫が多い理由,"■連載／ペットゥモロー通信
日本原産の猫として海外でも、可愛いと人気を集める「ジャパニーズボブテイルキャット」を始め、日本には、しっぽ..."
【芦屋】ボリューム満点イタリアンレストランアレグロさん,岡島かれん芦屋にあるイタリアンレストランアレグロさん。ピザの大きさがびっくりするくらい大きい！！！ピザだけでお腹がいっぱいになりそうな...
犬がおじぎをする時の5つの気持ち,"犬がおじぎする時の５つの気持ち

犬がおじぎする時の気持ち①一緒に遊ぼうよ！

犬がおじぎをしている時の代表的な気持ちで「プレイバウ」..."
「台風接近に備えて...」 熊本市現代美術館の対策に「愛を感じる」,2017年7月21日に発生した強力な台風5号は、8月9日の午前3時に東北地方で温帯低気圧に変わったが、まだ大雨や暴風への注意が必要だと...
劇場版「世界ネコ歩き」の新場面写真が公開！ コトラが出産した子ネコたちのあどけない表情がいっぱい,「劇場版　岩合光昭の世界ネコ歩き　コトラ家族と世界のいいコたち」から、春にコトラが出産した子ネコたちのあどけない表情など、本編の場面写...
さすがロシア。よく分からないけどなんだか凄い、ロシアの風景その64 写真35枚,"おそロシアというほどでもないけれど、日本ではそうそう見られない光景がたくさん見られる。そんなロシアの色々な状況を集めた写真集。

ワイ..."
岩場を登る「Jeep」が凄い！この車ならどこでも行けそう^ ^；,ジープ・チェロキー （XJ）で岩場を登る映像。YouTubeには「さすがジープ」「素晴らしい性能だ」「こんなに手荒に扱って大丈夫なの？...
【ミディアム〜ロングの方】海やプールに！スッキリアレンジで楽しもう！,伊藤りかミディアム〜ロングの方に！海やプールで大活躍！スッキリアレンジで楽しもう(*´꒳`*)
あたためてあげましてよ？小さき動物たちをすべて懐に入れてあたためてしまう、母性ダダ漏れなニワトリの母さんズ。,母性。それは動物に備わった本能でもあるし、たまに不具合が発生することも。まったく作動しない場合もあれば、ありあまる母性がすべての命に平...
【8月9日はパグの日♡】パグが愛おしくてたまらなくなる『パグのほっかむり』画像集...(* ́艸`*)8枚,"8月9日は、パグの日！
鼻ぺちゃ犬の代表格、パグ。
シワシワの顔は愛嬌たっぷりで、時たま見せる人間じみた表情などが魅力的です。
そして..."
スーパーに大量の爆竹が... 長崎県民「あたりまえやろうもん」,2017年8月6日、次のような写真付きのツイートが投稿され、話題となっている。「あら、爆竹がお買い得だわ♪」ってなるのか？長崎の主婦は...
ゆめかわなテイストにキュンとする♡高橋愛もファンの「エスターバニー」,さまざまなファッションブランドとコラボするなど、今世界中から注目を浴びているイラストレーター、Esther Kim（エスター・キム）さ...
オオヤマネコの鳴き声が、見た目からは想像できない可愛いさ笑,鋭い目つきのオオヤマネコ。しかし、その見た目とは裏腹に、猫のようなとっても可愛い鳴き声で鳴いています。「ガオー」みたいな鳴き声を想像し...
【貴重映像】感動！猫の友情が芽生えるまでの一部始終,"いじめられた経験から、昼間は外に出てこなかった新入り猫さん。
この日は突然、先輩猫「なっちゃん」の前に姿を見せます。

出典：http..."
「大変！ご主人が落ちた！！」慌てて助けに向かう犬が愛おしい その2,"ターザンロープで川へ飛び込んだご主人様を見て、「大変！溺れた！」と勘違いしてしまった黒犬。

大慌てで鳴き声をあげつつ、比較的楽に飛び..."
かわいい、おいしい「ネコバッグ(保冷)」が登場,「カルディコーヒーファーム」は、「世界猫の日」にちなんで、「ネコバッグ(保冷)」1500円(税込)を8月8日(火)より数量限定で発売中...
【マジかよ】溺れ死にかけていた「トカゲ」に心臓マッサージしたら大復活！,夏といえば、プールや海で遊ぶのが楽しいシーズンだ。現在、子供たちが夏休みということもあって、市民プールをはじめとする施設は連日大盛況。...
【ねじるだけ！】簡単猫耳風アレンジ,伊藤弥鈴ベースの髪は外巻きにしておくと可愛いです
【奇跡】亡くなった愛犬の墓の上に「犬」の姿が！近づいてみてその正体にびっくり,2017年1月に亡くなった愛犬のコスモのお墓を訪れた飼い主さん。すると、なんとお墓の上にコスモの姿が！飼い主さんが近づいてみると、、そ...
ボストンダイナミクスの二足歩行人型ロボット、コケざまもまるで人間だった,"Image: NeAr Gaming/YouTube
笑っちゃいけないですけど、鈍臭くてかわいい。
ソフトバンク傘下のロボット開発企業..."
事件の真相はいかに？動物保護施設が遊び心で新しい飼い主を探す,7月10日、米ウィスコンシン州にある動物保護施設、Fox Valley Humane Associationにて、一見単純そうながらも...
夏も猫のための「ボンネットバンバン」を！！夏は涼みにくるよ！,昨日（8月8日）は「世界猫の日」という事でツイッターでも #世界猫の日 のハッシュタグの元、我が家の猫自慢大会が繰り広げられていました...
顔の怖さからは想像できない、可愛い声で鳴くオオヤマネコ,"イエネコよりも一回り大きく、眼光も鋭いオオヤマネコ。

ライオンを思わせるでっかい前足も威圧感たっぷりで迫力あるのに、その見た目の怖さ..."
犬好きコラ職人がんばる。有名な映画ポスターに自分の愛犬を仕込んでみた。,海外掲示板redditのユーザー、iamirenesは、2～3年前から、彼女の愛犬を、有名な映画のポスターに仕込むという試みを行ってい...
癒やされる！オスメス双子の赤ちゃんホッキョクグマが誕生―山東省,"山東省のある水族館でホッキョクグマのオスメス双子の赤ちゃんが、それぞれ6日深夜と7日早朝に誕生した。
山東省のある水族館でホッキョクグ..."
屋根の上に猫「おや、旗に何かしてるぞ？」→なんて役に立つ子だろう！(動画),トルコのとある建物の屋根の上で目撃された、1匹の猫。カメラがズームしてみると……驚くべき展開が待っていました。動画をご覧ください。[こ...
あのハスキーがまたやった！自動車の助手席から降りたくないゼウスさんのダダこね,カラパイアでもおなじみ、ダダこねハスキーのゼウスさん。前回は車のトランクからの下車拒否をしていたんだけど、今回は助手席にて「降りたくな...
8月8日は「世界猫の日」 SNSがモフモフの猫・猫パラダイスに,8月8日は「世界猫の日（International Cat Day）」ということで、TwitterやInstagramに「#世界猫の日...
【今日のわんこ】あ、熱い~！ もこもこサクラちゃんは、夏に弱い!?,"「あ、熱い～！！　なんか、前も見づらいんだけど……私、どうしちゃったのわん？？？」

毛のびて、モフモフのサクラ。
あまりにも熱そう…..."
【もう一度あえて良かった】家に帰ってきた兵士、待っていた老犬の反応に涙...,"【もう一度あえて良かった】家に帰ってきた兵士、待っていた老犬の反応に涙…




アメリカ陸軍の兵士として、訓練やキャンプのために自宅..."
夏も「猫バンバン」が必要そう よく考えると怖い「子猫たちの“避暑地”になったエンジンルームの写真」が話題に,一見、かわいらしい光景に見えるものの、よく考えるとゾッとする猫の画像が話題になっています。自動車のエンジンルームに、子猫たちが5匹も…...
人間を4本腕にする発明。足の動きで自由に操作できるロボットアーム「MetaLimbs」,"人間の腕と同じような1対の腕を装着し、足の動きで操作できるようにしたロボットアーム「メタリムズ」。

人間の手と同じような5本指のロボ..."
怖くて入れないワン！カーペットを怖がるゴールデンレトリバー,コチラのゴールデンレトリバーは、何故かフローリングとカーペットの境い目に対して恐怖心を持っているらしく、声をかけられてもドアから前に進...
【驚きの結末】ぬ、抜けニャい！ベビーベッドに挟まった猫さん！,"新調されたベビーベッドに興味津々の猫さんたち♪
幸せな未来を予感させる光景ですね！

出典：https://www.youtube.c..."
死んだ犬が生き返った!? 墓の上に飼い主を待つ犬らしき姿が現れたっていう動画がマジで不思議,2017年も8月に入り、もうすぐお盆休みがやってくる。地域によって違いはあるかもしれないが、ほとんどの人がこの時期にお墓参りをして先祖...
関東暑さピーク、各所35度超え 今村涼子の「今天」,"動画を見る（元記事へ）　きょうの「今天」はこちら、「台風のち酷暑続出　35度超！」です。

くわしくは動画で…"
2017年8月8日のヘッドラインニュース,全長109cm、頭からしっぽまでを忠実に再現した1/10フィギュア「G.G.P.ナッシー（アローラのすがた）」が2017年8月8日(火...
Walt Disney Animation Studios Tangled Experience powered by teamLab,Digital art firm teamLab brought one memorable scene from Disney’s ...
“小池一強”都議会 議場一変、議長も都民ファに,動画を見る（元記事へ）　選挙前から一変、「小池一強」の様相となっています。先月の東京都議選後初となる都議会が行われ、「都民ファースト」...
8月8日は「世界猫の日」。猫好き女性を撮り続ける写真家に注目,海外ではどうも、猫好きの女性たちは「クレイジー」「一生独身を貫く人」と言ったようなネガティブなイメージを持たれることが多い。そんな女性...
猫の親離れはいつ頃？その時期と注意点について,"猫の親離れ


猫が親離れするのは、生後３か月頃から練習が始まり、生後６か月までの間に完全に親離れする場合が多いそうです。親離れが始ま..."
スイカ食べたよー 伊豆・長崎・埼玉・那須の動物園のカピバラさんがスイカの早食い対決,カピバラがスイカを食べる早さを競う「4園国コラボ対決！カピリンピック★カピバラのすいか早食い競争」が、8月6日に伊豆・長崎・埼玉・那須...
犬のツボを押さえたワンコ用ゲームにはまるブルドッグさん！,"タブレットをじっと見つめるブルドッグさん。

出典：https://www.youtube.com

実はワンコ用のゲームで遊んでいた..."
ピザの宅配員にチップを渡さなかったら「4ページにわたる脅迫の手紙」が残されていた件が超サイコすぎる！,日本には、接客サービスに対する心づけとして客が従業員に支払うチップ制度が存在しないが、アメリカでは料金の10～20パーセントを支払うの...
子猫のなすがまま！ ハスキー犬のクールな表情,とっても仲良し？されるがままに猫から耳を弄り回されるハスキーの姿がカワイイ――こんなツイートが2017年7月25日に投稿され、話題にな...
インスタで人気の写真シリーズ「猫と女の子」が2周年！NYのオシャレ生活に憧れちゃう♡,"数年前、当サイトでご紹介した写真シリーズ「猫と女の子の暮らし」が2周年を迎えました。
Instagramを中心に話題になった同シリーズ..."
動物病院にかかる前に知っておきたいポイント,"■連載／ペットゥモロー通信
犬猫の飼い主さん要チェック！知っておきたい上手な動物病院のかかり方

動物病院は犬や猫を連れて行きさえすれ..."
フランス初の赤ちゃんパンダ誕生、一般公開は2、3カ月後―中国メディア,"フランスのボーバル動物園に暮らす、中国から貸与されたジャイアントパンダ「歓歓」は4日夜、双子のオスの赤ちゃんパンダを出産した。
フラン..."
アメリカで撮影されたファンキーすぎるおばちゃんライダー！,こちらは、アメリカ・テキサス州で撮影されたおばちゃんの映像。体をくねらせながらノリノリでバイクを運転しています笑　どうやら音楽を聴きな...
母犬の「愛のむち」受けた子犬、優れた盲導犬に育つ 米研究,"盲導犬。仏パリ近郊の訓練センターで（2016年9月16日撮影、資料写真）。

【AFP＝時事】盲導犬になるための自制心を持ち合わせてい..."
【岩合光昭】神の前でも悠々自適 マイベッドで寝る猫,"岩合光昭の今週の猫

　動物写真家・岩合光昭さんが見つけた“いい猫（こ）”を紹介する「今週の猫」。今回は、京都府京都市の「猫ベッド」。..."
アリスもダイバーシティの時代。ヴォーグの編集長がスタイリング,"女性には、本家のタイヤよりもカレンダーで知られる「Pirelli（ピレリ）」。
毎年、話題を集める芸術性の高いカレンダーの2018年度..."
【お風呂の後は、恒例のアレ♡】ドライヤーを向けられた子犬の、可愛いリアクションまで3秒( ́∀`*)♡,"出典 : https://www.youtube.com



「はわわわわわわ！」
「ごちゅじん！」
「はわわわわが」
「とまんない..."
いつも背中に座っちゃう！保護施設で片時も離れなかった2匹のワンコに幸せが訪れる,"この先にどのような運命が待っていようと、2人はいつも一緒……そう心に決めているかのように、片時も離れずにいる2匹の犬をご紹介したい。
..."
尾張VS三河！？ 愛知県では「戦国時代」が今も続いている...のかも,2017年8月3日、次のようなツイートが投稿され、話題となっている。会社で愛知県の話が出たときによく「私、尾張の方なんでー」 って言っ...
「止まれにゃー！」扇風機に合わせて頭を回す猫,"動画で見るとわかるのですが、扇風機の羽根に何か付いています。
気になって回る羽根に合わせて頭をぐるぐる。

出典：https://ww..."
ここは天国!?ブルックリンの公園に現れた7000本の黄色い風車がインスタグラムで話題,マンハッタンのセントラルパークに引けを取らない自然を誇る、ブルックリン最大の公園「プロスペクトパーク」のローズガーデンに、この夏700...
Adobeが世界のネコ画像をツイート,Adobe Systemsは、国際動物福祉基金「IFAW」が定めた8月8日の「世界猫の日」（International Cat Day...
かわうそちわわ。(その125),"ご報告が遅くなってしまい申し訳ありません。今年の一月にみるくが永眠しました。
漫画にも登場し、フィーユも大好きなみるくの事だったのでお..."
お姉さんと「ブクブク」をやる犬が愛らしすぎる笑,お姉さんと「ブクブク」する犬のディーゼルちゃん。YouTubeには「なんて愛らしい！」「すごく可愛い！」「笑った」などのコメントが寄せ...
日本にかつてあった、民家の軒先を走る路地裏鉄道「やなせ森林鉄道」,高知県にあった森林鉄道「魚梁瀬森林鉄道（やなせしんりんてつどう）」が現役で活躍していた時の貴重な映像。YouTubeには「夢の世界みた...
お顔がお尻みたいになる衝撃映像 ハムスターさんの予想外の力業に驚きの声続々,"Twitterに投稿されたハムスターの衝撃動画が話題になっています。開いた口が塞がらない……。
　トンネル的な隠れ家に入って、横に空い..."
【ボブ風】キャップの被り方,伊藤弥鈴超簡単！これだけでボブっぽくキャップがかぶれちゃいます！
野生のゾウがトラックの荷台からジャガイモを盗む、インドの森林地帯で撮影された珍事,"インド、西ベンガル州のガーベータ森林地帯を走行中のトラックが、ゾウとの遭遇によって一時停車。

トラックの荷台に積んであったジャガイモ..."
年収350万円。パンダを抱っこするお仕事です。史上最高に楽しそうなお仕事の求人募集があったようだ(中国),"好きなことを仕事にできたらハッピーだ。だがどんなに好きなことだと思っていても、うっかり壁にぶち当たることはある。
　その最たるものが人..."
「地球上で最もクールな猫」と称賛される挨拶のしかた...飼い主がうらやましい(動画),飼い猫に右手を差し出すこちらの男性。ごく一般的な家庭のワンシーンかと思いきや……。「地球上で最もクールな猫」と称賛されていた動画をご覧...
「エサを横取りする太っちょ猫のために...秘密兵器を導入した」,香港で暮らす猫のミートボールは、もともとはスリムでした。ところが家族のエサを横取りするようになり、見ての通りの太っちょ猫になってしまっ...
犬が空腹(お腹がすいている)のときによく見せる5つのサイン,"犬が空腹（お腹がすいている）のときによく見せるサインとは？

犬は人間の言葉は話せませんが、愛犬家なら「犬は人の言うことを理解している..."
『警視庁いきもの係』ペットを飼う資格とは 橋本環奈の台詞に大反響,（C）フジテレビ7日に『警視庁いきもの係』（フジテレビ系）の第五話が放送された。動物の豆知識なども得られる可愛らしい刑事ドラマとして、...
シロフクロウとシベリアン・ハスキー、雪景色の中でいちゃこらがとまらない,"ロシアの極寒の風景の中、シベリアンハスキーとフクロウさんがいちゃこらするという何とも心温まる動画が発見された。
　ハスキーもフクロウも..."
「ジャンプ読んでないでかまって」 ご主人にかまってほしい猫ちゃんがかなりカワイイ,"ご主人にかまってほしがっている猫ちゃんがTwitterで人気を集めています。
　猫ちゃんはご主人のひざの上を満喫中。なのに、何か言いた..."
【豊洲問題】豊洲移転対策費に70億超 都、補正予算案28日提出へ,築地市場（東京都中央区）の豊洲（江東区）への移転に向け、東京都が豊洲の追加土壌汚染対策工事費や関連費用として今年度と来年度分を合わせて...
研修医が自殺で労災認定 半年間で休みは5日のみ,"動画を見る（元記事へ）　東京都内の総合病院で働いていた研修医の男性が自殺し、過労が原因として労災認定されていたことが分かりました。

..."
40代男性が包丁で刺され死亡 30代女を現行犯逮捕,"動画を見る（元記事へ）　10日未明、東京・千代田区のマンションで男性が女に包丁で刺され、その後、死亡しました。

　警視庁によりますと..."
スシローグループの新業態はすでに存在!? 水留社長が語る新たな展開,"●一年ほど沈黙を続けるスシロー子会社
回転寿司チェーンのスシローを展開するあきんどスシロー。その兄弟会社に、新業態を手がけるスシローク..."
インテル、完全自動運転で試験走行=米欧などで年内開始,【シリコンバレー時事】半導体世界最大手の米インテルは９日、自動運転の技術開発を手掛ける傘下のモービルアイとともに、人の操作を必要としな...
参加者は「PR大使」 チャーリィ古庄氏ら「成田空港特別撮影体験会」開催(写真15枚),指令、成田空港を盛り上げよ　2017年7月末のプレミアムフライデーを含む週末、成田空港にて「第0回　成田空港特別撮影体験会」が実施され...
核禁止不参加 国を非難 長崎原爆72年平和宣言 「到底理解できぬ」,長崎に原爆が投下されて７２年を迎えた９日、犠牲者を追悼する平和祈念式典が長崎市の平和公園で開かれ、被爆者や遺族ら約６３００人が投下時刻...
市長、核禁条約こだわり 長崎宣言の半分占め 被爆者高齢化に焦り,長崎市の田上富久市長は、９日の平和祈念式典で読み上げた「長崎平和宣言」で、冒頭から半分を７月に採択された核兵器禁止条約に関する言葉に割...
広島宣言は踏み込まず 従来型、被爆の悲惨さ訴え,広島原爆の日の６日、広島市の松井一実市長が読み上げた平和宣言文は、被爆者が見たあの日の惨状や戦後の苦難を訴え、核兵器を巡る国際情勢に触...
非核叫ぶ友の分まで 長崎原爆の日 石川県の語り部松林フミ子さん(84),長崎は９日、７２回目の原爆の日を迎えた。７月に採択された初の核兵器禁止条約は、前文に「ヒバクシャの受け入れ難い苦しみに留意する」と刻ん...
加計学園の認可の判断保留へ 結論は10月以降か,動画を見る（元記事へ）　加計学園の獣医学部新設を巡り、文部科学省の審議会は、今月中に出す予定だった認可の判断を保留にする方針を固めまし...
秋に18歳成人、統一選までに被選挙権年齢も引き下げ,"図表：　成人・選挙権・被選挙権等年齢の推移と関係法令との関係

出展：高橋亮平作成
図表：　図表：　成人・選挙権等年齢の関係法令

出..."
拡張・仮想現実市場、2021年には23.6兆円規模に,東京で開催された「先端コンテンツ テクノロジー展」で紹介されるVR・AR技術（2017年6月29日撮影）。(c)AFP/KAZUHIR...
元会長が激白！明治が泣く泣く国民的商品「カール」から撤退するまで,国民的商品を捨てる!?　「カール」の東日本での販売停止が発表され、誰もが耳を疑った。合理的な経営判断か、小手先のリストラか――。決断の...
「このハゲーっ！」の豊田真由子議員、復帰の噂も...「ポスト豊田」の動向が永田町で注目,"国会議員秘書歴20年以上の神澤志万です。
　8月3日、第3次安倍第3次改造内閣が発表されました。内閣の改造や発足の際には、各国会議員が..."
電気自動車が挑む石油需要の伸び,"Tony Hall / flickr（編集部）
「19世紀後半、米国で石油生産が始まったころ、ガソリンは（ランプ用）灯油の役立たずの副..."
豊田議員と松森町議はちゃんと説明されるべきでは？,"写真は豊田議員。HPより。
産経新聞によれば、豊田真由子氏の新たな政策担当秘書を青森県板柳町の松森俊逸町議（61）が兼務していることが..."
小池百合子「都民ファースト選抜外」候補者座談会(3)レポーターの「いじわる」,D　エドさんだけでなく、「国会議員狙い」で今回の都議選をスルーした人はかなりいるはずです。ただ、今後、都民ファーストの都議たちにスキャ...
在京当番という政府の危機管理,"総務大臣政務官に就任後すぐに、政務官として確認しておくべき重要事項のレクチャーが早速スタートしました。

これまでとは1日の動きが変わ..."
自殺者が出ても簡単には変えられない新国立競技場「過酷な労働環境」,"次の自殺者が出てしまう
「今は、発注先の大成建設JVに労務管理と安全指導の徹底をお願いしているが、同じような案件が続くと、建設に関係す..."
8/19~20、東急ハンズ新宿店で【5連射できる輪ゴム銃をつくろう】,内子町は、木蝋の生産で栄えた町。今も当時の面影を残した日本の美しく懐かしい町並が残っています。そして、その町並みを残すための技を引き継...
建築現場に「熱中症対策自販機」 心づかいに「いいセンスだ」「こうであるべき」,スポーツドリンクばかり並べ、格安で販売する「熱中症対策自動販売機」が神奈川県川崎市内のホテル新築工事現場に設置され、ツイッター上で反響...
日本維新の会の商標を阻止したのは民主党の原口議員,"出典：イラストAC
「日本ファーストの会は商標法違反でアウトかも」の記事をアゴラに掲載いただいたところ、大変な反響をいただいている。
..."
【動画】朝のウェザーニュース・お天気キャスター解説,再生時間 1分18秒2017/08/10 05:14 ウェザーニュースきょう8月10日(木)の天気を、ウェザーニュースキャスターの鈴木...
【10日の天気】各地でにわか雨や雷雨に注意,2017/08/10 05:24 ウェザーニュース10日(木)も日本列島の周辺には複数の低気圧がウロウロ。東北や西日本を中心に傘の出番...
哀川翔が「八丈島大使」！喫煙環境の整備や環境美化について発信,俳優の哀川翔（５６）がこのほど、東京・八丈島の「自然とマナー。八丈島　大使」に就任した。哀川は大使として、八丈島の喫煙環境の整備や環境...
10日5時19分頃 - 最大震度 1 - 震源地 熊本県熊本地方,"１０日０５時１９分ころ、地震がありました。この地震による津波の心配はありません。
発生時刻
2017年08月10日 05時19分頃
震..."
中国のネットユ―ザーは7億5100万人、ゲーム利用者は4億人,中国互聯網絡信息中心は8月、2017年度の「中国互聯網絡発展状況統計報告」を発表した。1997年から半年に一度ずつ発表しているインター...
なぜドラッグストアの食品は安いのか？ コスモス薬品の型破り戦略,九州を中心とした西日本の小商圏で爆発的なシェアを誇るドラッグストアがあります。マツモトキヨシの半分の店舗数ながら同程度の売上を可能にす...
“失言”の江崎大臣 二階幹事長、翁長知事と会談,動画を見る（元記事へ）　「役所の原稿を朗読する」などの発言で波紋を広げている江崎沖縄・北方担当大臣は9日、自民党の二階幹事長とともに、...
加計学園の獣医学部新設、文科省審議会が認可判断を保留,学校法人「加計学園」の獣医学部新設をめぐって、文部科学省の審議会が認可の判断を保留し、今月末に予定されていた大臣への答申は延期される見...
岡山・水島港でヒアリ200匹以上 2匹の女王アリも,"動画を見る（元記事へ）　岡山県倉敷市の水島港で、強い毒を持つヒアリ200匹以上が見つかりました。中国・四国地方では初めてです。

　今..."
TVRの新型スポーツカー、MT採用 9月に初公開予定,TVRの新型スポーツカーに採用されるMT英国のスポーツカーメーカー、TVRは8月9日、9月に初公開予定の新型スポーツカーに、マニュアル...
ソフトバンクC&S、Ofoと共同でシェアバイク事業を開始――まずは東京・大阪で9月から,WeWorkの日本進出支援を発表してから約1か月が経ち、ソフトバンクは新たなユニコーン企業の日本進出をサポートしようとしている。本日同...
強制わいせつ未遂の疑い、東京大学大学院生を逮捕,"東京大学の大学院生の男が、女子高校生に路上で抱きつくなどわいせつな行為をしようとしたとして、警視庁に逮捕されました。
　強制わいせつ未..."
セブンイレブンから始まった韓国のコンビニ、日本以上に増えた結果“副作用”も=「数は多いが質は日本より落ちる」―韓国ネット,8日、韓国・聯合ニュースによると、韓国でコンビニエンスストアの数が急速に増加し、人口1人当たりの店舗数が日本の1．5倍に上っていること...
「ポスト安倍」の明暗くっきり 岸田文雄氏「戦うときは勝たねばならぬ」 メディアへの露出アップ 石破茂氏は埋没の危機...,内閣改造・自民党役員人事を境に「ポスト安倍」の有力候補２人を取り巻く環境は大きく変わった。政調会長に就任した岸田文雄前外相はメディアへ...
【民進党代表選】党内5グループが前原誠司元外相を支援 国会議員票では枝野幸男前幹事長が劣勢,民進党代表選（２１日告示、９月１日投開票）の党内グループの支持動向が９日、ほぼ出そろった。前原誠司元外相が５グループ（計約８０人）の支...
【報ステ】台風去って猛暑来襲...不安定な天気も,動画を見る（元記事へ）　台風一過となった9日、関東では気温が上がり、各地でこの夏一番の暑さとなった。全国で最も暑かった群馬県館林市では...
9日の地震情報まとめ 有感地震は9回,9日の国内の有感地震（震度1以上）は9回。最大震度は2。国内の有感地震の一覧（9日）【最大震度2】午前5時57分ごろ発生 M3.0震源...
9日の地震情報まとめ 有感地震は9回,9日の国内の有感地震（震度1以上）は9回。最大震度は2。国内の有感地震の一覧（9日）【最大震度2】午前5時57分ごろ発生 M3.0震源...
【報ステ】長崎原爆の日に考える 核廃絶への道程,動画を見る（元記事へ）　長崎に原爆が投下されて72年。今年、国連で核兵器禁止条約が採択されたが日本はアメリカなど核保有国とともに不参加...
関東各地できれいな虹を目撃 台風5号通過後に...,動画を見る（元記事へ）　日本列島をゆっくりと縦断し、各地で大雨や強風の被害をもたらした台風5号。その台風一過、ニュース投稿アプリ「みん...
業績低迷のジャパンディスプレイ 構造改革案を発表,動画を見る（元記事へ）　業績低迷が続く液晶メーカーのジャパンディスプレイは、3500人規模の人員削減などを盛り込んだ構造改革案を発表し...
成田空港の廃港を主張 北原鉱治さん(95)が死去,動画を見る（元記事へ）　成田空港建設の反対運動に50年以上、関わってきた「北原派」の事務局長・北原鉱治さんが9日午後、老衰のため亡くな...
HIROSHIMAが生まれる現場を見に行こう！ 1日限定でマルニ木工の本社工場を特別開放,2017年8月19日(土)、広島県広島市の「株式会社マルニ木工 本社 湯来工場」にて、「マルニ木工 1日限定のファクトリーツアー＆ワー...
加計学園 獣医学部新設で認可の判断「保留」へ,加計学園の来年4月の獣医学部新設で認可の判断「保留」へ。文部科学省審議会。
【報ステ】北海道で「電力ひっ迫」メール...誤送信,動画を見る（元記事へ）　経済産業省から「電力がひっ迫している」という誤った緊急メールが9日午前9時40分ごろ、北海道に送信され、各地で...
【報ステ】総理「緊張感持って」“失言”江崎大臣に,動画を見る（元記事へ）　「原稿朗読」発言で批判を浴びた江崎沖縄・北方担当大臣が2日間の沖縄視察を終えた。『日米地位協定の見直し』に言及...
【報ステ】稲田元大臣は出席せず“日報”閉会中審査,動画を見る（元記事へ）　PKO＝国連平和維持活動の日報問題で、小野寺防衛大臣は「根底にあるのは、防衛省・自衛隊で情報公開の重要性に対す...
【報ステ】東大寺・法華堂にハングル文字の落書き,動画を見る（元記事へ）　奈良市の東大寺にある国宝・法華堂の欄干部分にハングルで『イム・チェヒョン』と人の名前とみられる落書きが見つかっ...
【新閣僚に聞く】茂木敏充経済再生相 教育無償化「財源組み合わせも」,改造内閣で経済政策「アベノミクス」の司令塔役として新たに就任したのが、政策通としても知られる茂木敏充経済再生担当相だ。政権が新しい看板...
【メルセデス Sクラス 改良新型】カーテンを閉じたバスで秘密の発表会場へ,メルセデス・ベンツコネクション出発もっと画像を見る東京都心からカーテンを締め切ったバスで連れて行かれたその行き先は……？　メルセデス・...
JDI、「負のスパイラル」から脱却へ 外資傘下で出直しも,ジャパンディスプレイ（ＪＤＩ）が、２年連続で大規模なリストラに追い込まれた。主力のスマートフォン向けパネルでは、液晶から次世代パネルの...
往年の人気スポーツカー向けに補修部品を復刻販売 ファンの声に応える,既に生産を終了した往年の人気スポーツカー向けに補修部品を復刻販売する動きが、自動車メーカーに広がってきた。生産終了などで入手が困難にな...
スマホで縦列駐車、メルセデス・ベンツ新型「Sクラス」が登場,ドイツ自動車大手ダイムラーの日本法人メルセデス・ベンツ日本は９日、最上級セダン「Ｓクラス」の新型車の予約注文の受け付けを同日開始したと...
【東芝危機】東芝決算「限定付き適正意見」で決着へ なお残る上場廃止リスク,東芝の平成２９年３月期決算の有価証券報告書（有報）の監査は、ＰｗＣあらた監査法人との意見の隔たりで暗礁に乗り上げていたが、「限定付き適...
JDI、「日の丸再編」の理想に届かず 革新機構の主導に限界か,官民ファンドの産業革新機構が主導したＪＤＩの再建は、日本の電機業界が韓国・中国勢に押される中、産業競争力を取り戻す「日の丸再編」のモデ...
TAIYOU no SHITAが1周年！ 最大40%オフの展示品アウトレットセールを開催,"新規注文も特別価格で
2017年8月1日(火)から8月31日(木)までの1カ月間、東京・文京の「TAIYOU no SHITA KOI..."
イタリアンレストラン社員の月給っておいくら？,イタリアンの従業員がどれくらいの給料をもらっているのか考えたことはあるだろうか。飲食店専門の求人情報サイト「求人＠飲食店.COM（運営...
優品集結「ウィンザーチェア 日本人が愛した英国の椅子」開催中,"コムバック・ウィンザーチェア イギリス 18世紀 日本民藝館
 これまでにない規模で展示
2017年8月27日(日)まで、長野県長野市..."
北原鉱治さん死去、成田闘争反対派の中心となり活動,"成田空港建設の反対運動の先頭に立った北原鉱治さんが亡くなりました。９５歳でした。
　北原さんは、９日午後１時４６分、千葉県富里市内の病..."
エネルギー基本計画見直し、原発建て替えなどで意見対立,国の中長期的なエネルギー政策を示す「エネルギー基本計画」の見直しに向けた国の審議会が始まり、原発の建て替えなどをめぐって委員の間で意見...
JDIが再建策、中台企業との連携示唆、能美工場停止に人員削減,経営再建中の中小型液晶パネル大手、ジャパンディスプレイ（ＪＤＩ）は９日、能美工場（石川県能美市）の生産停止や、３７００人超の人員削減な...
マック、最高益17期ぶり更新へ カサノバ社長「成長局面」と胸張る,日本マクドナルドホールディングスは９日、平成２９年通期連結業績予想を５月に続き上方修正し、最終利益が前期比３．７倍の２００億円になると...
新護衛艦建造に三菱重工=下請け三井造船、18年度以降-防衛装備庁,防衛装備庁は９日、２０１８年度以降に建造する新護衛艦について、三菱重工業を主事業者に、下請けに三井造船を選定したと発表した。１８年度以...
対向の乗用車と衝突、右側走行していた自転車の女性が死亡,8日午後7時ごろ、三重県桑名市内の市道で、道路右側の路肩を走行していた自転車と、対向してきた乗用車が正面衝突する事故が起きた。この事故...
9日22時11分頃 - 最大震度 1 - 震源地 沖縄本島近海,"９日２２時１１分ころ、地震がありました。この地震による津波の心配はありません。
発生時刻
2017年08月09日 22時11分頃
震源..."
タカタ製エアバッグ異常破裂=和歌山で、リコール通知も未実施-日産,日産自動車は９日、和歌山市で７月に発生した日産車の自損事故で、助手席用のタカタ製エアバッグが異常破裂し、金属片が飛び散る事例があったと...
ホットハッチはコスパで勝負!? フォーカスRS 次期型、AMGに4万ドル以下で対抗か,フォード フォーカスRS レンダリングCGもっと画像を見るフォードのコンパクトハッチバック、『フォーカス』のハイパフォーマンスモデルと...
漆黒のカスタムバイク『Sterling Musketeer』がカマキリのような鋭角フォルムで迫る！,"この斜面、バイカー心をそそるぜ。
ダークな世界観をバイクに落とし込むカスタム車両を得意とする「Rough Crafts」が制作し201..."
【PKO日報問題】自民、稲田元防衛相、江崎沖北相の出席を拒否 日報問題めぐる閉会中審査で,自民党の森山裕国対委員長と民進党の山井和則国対委員長は９日、国会内で会談し、南スーダン国連平和維持活動（ＰＫＯ）の日報問題に関する衆院...
菅義偉官房長官「日韓の財産請求権問題は完全に解決済み」 韓国地裁が三菱重工に賠償命令,菅義偉官房長官は９日の記者会見で、第二次大戦末期の軍需工場への動員をめぐり韓国の光州地裁が三菱重工業に賠償を命じたことについて「日韓間...
原発新増設に慎重姿勢 エネ基本計画の見直しへ議論開始,経済産業省は９日、総合資源エネルギー調査会（経産相の諮問機関）基本政策分科会を開き、政府の中長期的なエネルギー政策の指針となる「エネル...
東芝決算に限定付き適正意見 上場廃止はひとまず回避,経営再建中の東芝は９日、平成２９年３月期決算を含む有価証券報告書（有報）を、１０日に関東財務局に提出すると発表した。ＰｗＣあらた監査法...
豊洲安全対策で70億円補正=臨時議会、28日招集へ-東京都,東京都の小池百合子知事は、築地市場（中央区）の移転先である豊洲市場（江東区）の追加安全対策工事に伴う７０億円規模の今年度補正予算を編成...
捜査書類の写し紛失=巡査部長、捜索後-新潟県警,新潟県警新潟中央署は９日、生活安全課の３０代の男性巡査部長が、捜査書類の写しを紛失したと発表した。書類には家宅捜索で押収した証拠品や容...
大手生保、3社が増益=外債運用拡大で-4~6月期,生命保険大手４社は９日、２０１７年４～６月期の連結決算を発表した。本業のもうけを示す基礎利益は、第一生命ホールディングスなど日本生命保...
警察署倒壊した際に代替施設提供、警視庁と西武鉄道が協定,"警視庁は、大規模災害で警察署が倒壊したなどの際に代替施設の提供を受けるため、鉄道会社と協定の締結を行いました。
　９日、首都直下地震な..."
茨城・那珂市の農道に男性の死体遺棄した疑い、56歳女逮捕,"先月、茨城県那珂市の農道で８９歳の男性の遺体が埋められているのが見つかった事件で、警察は、５６歳の女を死体遺棄の疑いで逮捕しました。
..."
「柔軟な働き方」を求める声が各国で増加,柔軟な働き方について考えたことはあるだろうか。今回、総合人材サービスのマンパワーグループは、日本を含む19カ国の労働力人口を構成する1...
安倍晋三首相「江崎鉄磨沖縄北方担当相には引き続き職務にあたってもらいたい」 江崎氏は日米地位協定見直し発言で釈明,安倍晋三首相は９日、長崎市内で記者会見し、国会対応に関して「役所の原稿を読む」と発言した江崎鉄磨沖縄北方担当相について「今後、一層緊張...
フィリップモリス、たばこ値上げ1カ月延期=10月1日に,フィリップモリスジャパン（東京）は９日、財務省に申請している「マールボロ」などたばこ製品３２銘柄の値上げを、当初予定していた９月１日か...
マクドナルド、業績回復=純利益68倍-6月中間決算,日本マクドナルドホールディングスが９日発表した２０１７年６月中間連結決算は、店舗改装や新商品投入の効果により、販売が増え、純利益が前年...
メルセデス・ベンツとヒルトン東京がウエディングでコラボ,メルセデス・ベンツ日本とヒルトン東京は、2017年8月20日から、ウエディングにおける新たなコラボレーションを展開していくことを発表し...
シームレスな都市モビリティを実現するダイムラーのモバイルアプリ「moovel」,ドイツの大手自動車メーカーDaimler（ダイムラー）は、傘下のモビリティテクノロジー企業「moovel」を通じて、公共交通機関やタク...
“プロ”が作る「新MERY」に価値はあるのか DeNAのメディア事業が進む先,"DeNAの守安功社長
　「新しい『MERY』が順調に成り立てば、休止している他サイトをどうするかを考える。ただ『WELQ』はこれ以上は..."
辺野古反対の現職出馬へ=沖縄・名護市長選,沖縄県名護市の稲嶺進市長（７２）は９日までに、来年２月４日投開票の市長選に３選を目指して立候補する意向を固めた。稲嶺氏は後援会幹部に「...
ガソリン代、3年で1400万円=鈴木五輪相の収支報告,鈴木俊一五輪担当相（衆院岩手２区）が代表を務める資金管理団体「清鈴会」が、２０１３～１５年の３年間にガソリン代を計１４１２万円支出した...
すかいらーく、人件費上昇で10月からメニュー値上げへ,ファミリーレストラン大手のすかいらーくは、アルバイトや従業員の人件費の上昇に伴い今年１０月からメニューの値上げを予定していることを明ら...
日産のタカタ製エアバッグ搭載車で異常破裂、2人けが,"大手自動車メーカーの「日産」は、タカタ製のエアバッグを搭載していた車で、エアバッグが異常破裂し２人がけがをしたと発表しました。
　異常..."
昨年度の食料自給率カロリー基準で38%、過去2番目の低水準,"昨年度の日本の食料自給率が、カロリー基準で３８％と過去２番目に低い水準になりました。
　国内で消費された食料がどの程度国産でまかなえた..."
復興補助金“詐取” 工場新設で嘘の請求・発注書,東京地検特捜部は9日、発注書などを偽造し、福島県が交付する震災復興関連の補助金約2億5000万円をだまし取ったとして会社代表の男ら2人...
フィアット500X、アーバン志向の4WD限定モデルを発売...最高出力170ps,フィアット500Xラウンジもっと画像を見るFCAジャパンは、フィアットのコンパクトSUV『500X』に特別仕様車「500X ラウンジ」...
盗撮容疑で教諭逮捕=スカート内にカメラ-大阪府警,女性のスカートの下にビデオカメラを差し向けたとして、大阪府警南署は９日、府迷惑防止条例違反容疑で、島根県立出雲養護学校教諭の渡部親司容...
ギフト券購入で詐欺被害 大分・国東市,大分県警国東署は９日、市内の６０代男性が２万円をだまし取られる詐欺被害が発生したと発表した。男性の携帯電話に「ブラックリストに名前が載...
日立が新型クリーナー “手軽さ”ニーズに応え発売,動画を見る（元記事へ）　日立が新型のコードレス・スティッククリーナーを発売します。時代によって変わってきた掃除ニーズに対応したものにな...
Nintendo Switchの予約受付がマイニンテンドーストアで 8月22日から開始で発送は10月以降,任天堂の公式オンラインストア「マイニンテンドーストア」で8月22日から、10月以降発送分の「Nintendo Switch」の予約受付...
岡山・水島港でヒアリ=200匹、女王も,岡山県は９日、同県倉敷市の水島港国際コンテナターミナルの空コンテナが置いてあるエリアで、強い毒性のある「ヒアリ」が約２００匹見つかった...
富士登山道の矢印落書き消去=静岡、山梨両県など,富士山で見つかった矢印の落書きを除去する関係機関の職員＝９日（静岡県提供）　富士山の静岡県側登山道から山梨県側の下山道にかけ、正しい道...
米国、北朝鮮への軍事攻撃めぐる具体的検討が大詰め...政府高官「さまざまな選択肢準備」,７月２８日午後１１時４２分頃、北朝鮮中部より弾道ミサイルが発射され、米国を射程距離に収める可能性があるとみなされている。これに対して、...
世界で最も高い果物10種に日本から8種=「日本の農業技術はすごい」―中国ネット,9日、中国のポータルサイト・今日頭条に、世界で最も高い果物10種類について紹介する記事が掲載された。これに対し、中国のネットユーザーか...
北朝鮮、体制崩壊につながる=「米にかなわず」と警告-米国防長官,【ワシントン時事】マティス米国防長官は９日、北朝鮮が米領グアム島周辺への弾道ミサイル発射を検討していると表明したことを受け、「体制の崩...
安否確認に携帯電話の活用を,"中国・四川省で8月8日にマグニチュード7.0の地震が発生した。被害が最小限に留まるように祈りたい。
震源に近い世界遺産・九寨溝は多くの..."
中国・四川省の地震 帰宅求める観光客で空港が混乱,"中国西部・四川省で起きたマグニチュード7.0の地震で、震源地近くの空港では、帰宅のための航空券を求める観光客で混乱が続いています。

..."
パリ郊外でフランス軍兵士を襲撃 運転手の身柄確保,"パリ郊外でテロ警戒中の兵士に車が突っ込んだ事件で、捜査当局は現場から逃走していた車を発見し、運転していた男の身柄を確保しました。

　..."
ネパールの親中姿勢をインドメディアが心配―中国メディア,"9日、中国メディアの参考消息は最近のネパールの親中姿勢をインドメディアが心配していると伝えた。写真はカトマンズ。
2017年8月9日、..."
ついに化けの皮が剥がれた“観光立国”韓国,観光客の激減で閑古鳥が鳴く韓国・仁川国際空港。外国人のリピーター率は約39％。6割の外国人が「二度と韓国には行きたくない」と、”嫌韓逆...
強力な国連決議で近づいた「北朝鮮先制攻撃の日」,北朝鮮国内の非公表の場所で打ち上げられた北朝鮮の大陸間弾道ミサイル（ICBM）「火星14」。朝鮮中央通信（KCNA）配信（2017年7...
「ソウルも米国も火の海に」そして北朝鮮が戦略計算する日本での策動,"ミサイル実験の衝撃
トランプ政権になって以降、北朝鮮問題が緊迫しつつある。2017年7月28日未明には、北朝鮮が再びロフテッド軌道でミ..."
追跡せよ！陸自特殊部隊が渋谷・歌舞伎町で行っている極秘訓練,"秘密のヴェールに包まれた陸自特殊部隊
突然だが、日本に「特殊部隊」がいくつあるか、ご存じだろうか。
もちろん、文字通り「特殊な仕事をす..."
「AI・機械学習は脅威」マーケティング専門家の3割が回答 アドビ調査、インドで,クリエイティブ・マーケティング専門家の3割が、AI（人工知能）や機械学習など最先端のテクノロジーを脅威と見なしている—−。Adobeが...
韓国の今年の暑さはホッキョクグマにはもはや“虐待”？「海外避難させるべき」との訴えにネットは否定的「これから海外に適応できるとは思えない」,8日、首都圏など韓国各地で猛暑注意報が発令されるなど厳しい暑さが続く中、韓国でただ1頭飼育されているホッキョクグマをめぐり、この夏の環...
中国への米通商法301条適用は先送りか=国連安保理制裁決議「賛成」で、「履行状況」をまず確認―米安全保障筋,国連安全保障理事会が5日に採択した北朝鮮への制裁強化の決議に中国が賛成したことで、米通商法301条に基づく調査開始が先送りとなる可能性...
爆買いする前によく考えよ！ 日本の「断捨離」が中国社会に与える啓示=中国メディア,爆買いする前によく考えよ！　日本の「断捨離」が中国社会に与える啓示＝中国メディア物を買うとき、特に大きな物や高価な物を買う際には勇気を...
習近平は「神」になりたいのか？ 独裁者・毛沢東に憧れる男の野望,党内での求心力を失いつつあるとの声も聞かれる習近平国家主席ですが、ついに自身の考えを「習近平思想」なるものとして広めようと画策し始めた...
世界は、核兵器の「個人所有」をこの男に許していいのだろうか？,8月6日、そして8月9日は、忘れてはならない「人類史上最初と最後の原爆が投下された日」です。メルマガ『マスコミでは言えないこと』の著者...
北朝鮮、2015年から拘束のカナダ人牧師を保釈,"北朝鮮の国営メディアは９日、２０１５年から北朝鮮に拘束されていたカナダ人の牧師が保釈されたと伝えました。
　朝鮮中央通信によりますと、..."
「安全確認済み」で飛行再開=オスプレイ墜落で声明-在日米軍,【ワシントン時事】オーストラリア東部沖で起きた輸送機オスプレイの墜落事故に関し、在沖縄米軍トップのニコルソン四軍調整官は９日、「オスプ...
パリ郊外で兵士に車突っ込み6人重軽傷、逃走した男を逮捕,"フランス・パリ郊外で軍の兵士に車が突っ込み、６人が負傷しました。車で逃走した男は、その後逮捕されました。
　奥にある広場で警戒中のフラ..."
世界で最も人気の旅行先ランキング、中国は4位―中国紙,"国連世界観光機関（UNWTO）は2日、2016年の世界で最も人気の旅行先ランキングを公開した。
国連世界観光機関（UNWTO）は2日、..."
【報ステ】中国・九寨溝でM7.0の地震、19人死亡,動画を見る（元記事へ）　世界遺産がある中国西部・四川省の九寨溝県で日本時間8日午後10時19分ごろ、マグニチュード7.0の地震があり、...
防衛費を増やし続ける日本、米国から大量の武器購入へ―スペイン紙,8日、参考消息は、近年防衛費を増やし続けている日本政府が、米国から大量の武器を購入しようとしているとするスペインメディアの報道を伝えた...
殺害恐れ枕元におの隠す、犯罪組織トップのロシア人逮捕 スペイン,"スペイン南部ミハスで、警察官らに取り押さえられるギャング組織トップとされるロシア人の容疑者（2017年8月2日撮影、8月8日公開）。
..."
日韓関係の古傷は癒えがたく―中国メディア,共同通信社の報道によると、日本の河野太郎新外相は就任後初の記者会見で、韓国であまねく反対されている日韓「慰安婦」合意について、再交渉は...
中国・九寨溝の地震は死者19人に、さらに増えるおそれも,"中国有数の観光地・四川省の九寨溝で起きた地震で、これまでに、死者が１９人に上っています。
　四川省の九寨溝で、８日午後９時過ぎに発生し..."
「日本の海上自衛隊はアジア最強だ」ロシアの軍事専門家の見立ては本当か？=中国メディア,「日本の海上自衛隊はアジア最強だ」ロシアの軍事専門家の見立ては本当か？＝中国メディア東シナ海と南シナ海に浮かぶ島の領有権を主張して、周...
米朝に自制呼び掛け=中国,中国外務省は９日、米国と北朝鮮が互いに威嚇していることについて、「各国は状況を悪化させる言行を慎み、対話を通じた解決に努力しなければい...
「JYJ」ジェジュンの日韓ファンクラブ、美しい財団に寄付,韓国男性グループ「JYJ」のメンバーで俳優ジェジュンを応援する日本と韓国のファンクラブ会員らが美しい財団に700万ウォン（約70万円）...
【北ミサイル】小野寺防衛相「北朝鮮の核は小型化、弾頭化が進んでいる。警戒監視が必要なレベルだ」 空自が米空軍と九州周辺空域で共同訓練,小野寺五典防衛相は９日、北朝鮮の核・ミサイル開発について「核の小型化、弾頭化というのもかなり現実的に進んできている状況だ」との認識を示...
全裸愛好家が集う“ヌードペンション”営業再開で、平和な農村に激震「脱ぐなら家で脱げ！」,"イメージ画像（Thinkstockより）
　韓国で、「ヌード族」が波紋を呼んでいる。
　事の発端は、忠清北道・堤川市ののどかな農村の住..."
韓国人の75%、韓国軍の海外派兵に賛成―韓国メディア,"韓国国防部が発表した調査で、75．4％の韓国人が韓国軍の海外ボランティア派兵に賛成した。写真は韓国軍。
2017年8月8日、環球網によ..."
左官の男性、少林寺の「水上走り」をマスター―浙江省,"浙江省建徳市梅城古鎮で左官をしている方恕雲さんは、対岸での夜釣りが趣味だ。
浙江省建徳市梅城古鎮で左官をしている方恕雲さん（52）は、..."
出産後に豊胸手術をした母親、深刻な病に陥る(英),出産してから胸の形が変わってしまったことを気にした女性が、インプラント豊胸手術を受けた。しかし次々と体調不良に見舞われ、最終的にインプ...
戦前の「日本軍」は民族のアイデンティティを重んじた。「世界の先住民に関する国際デー」に思う。,今年は「先住民族の権利に関する国連宣言」が採択されて10周年という記念すべき年である。現在でも先住民を擁護していく上で言語や近代医療へ...
北朝鮮、服役中の韓国系カナダ人牧師を解放 医療上の理由で,北朝鮮の国営朝鮮中央通信が撮影した、平壌で尋問を受ける韓国系カナダ人のヒョンス・リム牧師の写真（2015年7月30日撮影、資料写真）。...
韓国で発売のホンダの新車、車体にさびの苦情相次ぐ=韓国ネット「日本車のイメージが台無しだ」「『技術のホンダ』を信じていたのに」,9日、今年4月にフルモデルチェンジし韓国で発売されたホンダの第5世代「CR−V」の新車で、車体のさびつきが多数報告され問題となっている...
駐日ロシア大使にガルージン氏=領土問題で強硬-地元紙報道,【モスクワ時事】ロシア紙イズベスチヤ（電子版）は９日、次期駐日ロシア大使にミハイル・ガルージン氏（５７）が任命される見通しだと報じた。...
対立する中国とインド、実力が上なのはどっちか？―中国メディア,8日、中印国境地域で両国の緊張が続く中、中国・環球網は「インドメディアが『インドが中国より勝る分野』として5項目を挙げた」と報じた。資...
王室侮辱の音声データをネット投稿、不敬罪で男性に禁錮20年 タイ,タイの首都バンコクにある病院の前で、プミポン・アドゥンヤデート前国王の存命中に、健康の回復を祈る仏教徒たち（2009年12月2日撮影、...
FBで軍政批判の記者訴追=扇動容疑でタイ警察,【バンコク時事】タイ軍事政権に批判的なコメントをフェイスブック（ＦＢ）に投稿した地元メディアのベテラン記者が扇動などの疑いで訴追され、...
小型機が離陸しきれず車に衝突 なんで高速道路で？,"動画を見る（元記事へ）　離陸しようとした飛行機が車に激突しました。

　ロシア南部のチェチェンで7日、高速道路から飛び立とうとした小型..."
「炎と猛威に見舞われる」「グアム攻撃を」 核弾頭小型化に成功でトランプ・北朝鮮が脅迫合戦,北朝鮮が核弾頭の小型化に成功したという米紙の報道を機に、米国のトランプ大統領と北朝鮮の脅し合戦が激化している。トランプ氏は、北朝鮮がさ...
&#8203;中国人はやっぱり日本車好き！？日系メーカー3社の7月の販売台数が過去最高に―中国メディア,8日、中国の自動車メディア・易車は、中国の自動車市場全体が停滞状況にある中で、日系メーカーが売り上げを伸ばしていることを伝えた。写真は...
中国「九寨溝」で大地震、現地の様子は？,中国・九寨溝での地震は、被害の全容はまだわかっていないところが多くあります。世界遺産として日本人も多く訪れる中国の景勝地で起きた今回の...
グアム周辺にミサイル発射検討、北朝鮮再び軍事挑発か,"「グアム周辺に向けてのミサイル発射を検討」。北朝鮮の朝鮮人民軍が新たにアメリカを威嚇する声明を発表しました。北朝鮮のねらいとは？
　先..."
中国「九寨溝」でM6.5地震、日本で人気の世界遺産で何が,おびえた様子で観光客が避難します。中国の有数の観光地・四川省の九寨溝で８日夜起きたマグニチュード６．５の地震。これまでに１３人が死亡、...
パリ郊外で兵士に車突っ込む、6人負傷うち2人重傷,フランス・パリ郊外のルヴァロワ＝ペレで現地時間午前８時頃、警戒中の複数の兵士に車が突っ込み、そのまま逃走しました。これまでに兵士６人が...
日韓軍事協定の終了通告期限迫る、韓国市民団体が破棄を求めてデモ=ネットも賛同「当然終了だ」「敵対する国と軍事協定などあり得ない」,8日、韓国・聯合ニュースによると、昨年11月に締結された日韓秘密軍事情報保護協定の終了を韓国政府が日本側に通知できる期日である今月24...
スペイン・カナリア諸島で藻が大量発生、観光客に注意喚起,"スペイン領カナリア諸島のテネリフェ島の沖合で、微細藻類の大量発生により変色した海面（2017年8月5日撮影）。

【AFP＝時事】スペ..."
北の反論削除し「重大な懸念」表明 ARF議長声明,動画を見る（元記事へ）　ASEAN（東南アジア諸国連合）の関連会合の議長声明が採択され、北朝鮮に「重大な懸念」を表明しました。草案にあ...
不敬罪で禁錮20年判決=ネットで王室中傷-タイ,【バンコク時事】タイ王室を中傷する音声データをインターネット上に掲載したとして、バンコクの軍事裁判所は９日、タイ人男性に不敬罪などで禁...
空母レーガンが帰港=対北朝鮮、米韓訓練備え-横須賀,横須賀基地（神奈川県）に帰港した米原子力空母「ロナルド・レーガン」＝９日（米海軍提供）　米原子力空母「ロナルド・レーガン」が９日、横須...
今晩のNY株の読み筋=北朝鮮リスク受け、続落か,"９日の米国株式市場は北朝鮮リスクを受け、続落となりそうだ。


　８日は「北朝鮮が核弾頭の小型化に成功」との報道があったほか、トランプ..."
M7.0地震の九寨溝、周辺200キロ内でM3.0以上5年で142回発生していた―中国紙,9日、新京報は四川省北部のアバ・チベット族チャン族自治州九寨溝県で8日午後9時19分に発生したマグニチュード（M）7．0の地震に関連し...
パリ郊外で兵士集団に車突っ込む=6人負傷、テロか,【パリ時事】９日午前８時（日本時間同日午後３時）ごろ、パリ郊外ルバロワペレでテロ警戒作戦を担当する兵士の集団に車が突っ込み、兵士６人が...
酒田市の弾道ミサイル避難訓練を英BBCが報道 「国際社会の笑い者！」とネットで大荒れ,日本国内各所で行われている弾道ミサイル飛来時の住民避難訓練の様子を、英BBC放送が全世界に向け発信したとし、ツイッターなどで、「完全に...
中国企業による中国マクドナルドの買収が完了=「中国人が経営すると安全性がますます心配になる」「もうマクドナルドは食べられない」―中国ネット,9日、中国メディアの財経網は中国中信集団およびカーライル・グループによる中国マクドナルドの買収が完了したと伝えた。これに対し、中国のネ...
【寄稿】金融危機10年、今こそ次なる危機に備えよ,――筆者のデービッド・ウェッセル氏は、ウォール・ストリート・ジャーナル（WSJ）の元コラムニストで、ブルッキングス研究所ハッチンス財政...
エジプト大統領が踏み切った危険な賭け,"――筆者のヤロスラフ・トロフィモフはWSJ中東担当コラムニスト
＊＊＊
 【カイロ】エジプトのアブデル・ファタ・シシ大統領は、2011..."
中国の夢はアップルの悪夢 規制に屈する米IT企業,【上海】米コンサルティング大手APCOワールドワイド中国支社の代表を務めるジェームス・マグレガー氏が2005年に出版したベストセラー「...
朝鮮半島有事の投資法(2)北朝鮮自滅シナリオ【フィスコ 世界経済・金融シナリオ分析会議】,"株式会社フィスコ
朝鮮半島有事における今後の展開として、どのようなシナリオが起こり得るのだろうか。不確実性が増す昨今、未来のシナリオを..."
明日の日本株の読み筋=神経質な展開か、北朝鮮リスクくすぶり関連ニュースにらむ,あす１０日の東京株式市場は、神経質な展開か。北朝鮮リスクが再燃し、９日の日経平均株価は１万９７３８円（前日比２５７円安）引けと大幅反落...
2017年8月9日のヘッドラインニュース,アニメ化クラウドファンディングで約1億円を集めた「Dies irae」のPV第2弾が解禁となり、放送開始が2017年10月6日であるこ...
海外留学生たちが四川のチベット文化を体験―中国,「中国体験・2017海外留学生四川ツアー」に参加したポーランドやロシア、ネパール、ベトナム、インド等10カ国から来た留学生20人は、四...
2泊3日の韓国旅『韓国美人の秘密に迫る！』チバテレで8・26放送,"特別番組『韓国美人の秘密に迫る！～2泊3日で美しく健康に！韓国旅』が、チバテレにて8月26日（土）に放送される。

　韓国女性の間で浸..."
カタール航空、UAEとバーレーン領空の乗り入れが可能に 約2ヶ月ぶり,"アラブ首長国連邦（UAE）とバーレーンは、カタール航空の領空への乗り入れを許可した。

アルジャジーラが報じたもので、国際航空運送協会..."
日本人が韓国の歴史館に元慰安婦の写真を寄贈「日本の過去を謝罪したい」=韓国ネットが称賛「希望が見えた」「日本全体を憎んではいけない」,8日、韓国メディアによると、ある日本人男性が韓国・釜山出身の元慰安婦の写真など日本統治時代の資料数十点を寄贈した。これに、韓国のネット...
スターリングにスキャンダル？ 夜の生活を楽しむも支払いをケチる,イングランド代表MFラヒーム・スターリングはアメリカツアーで夜の生活を満喫しつつも、支払い渋ってケチ呼ばわりされているようだ。イギリス...
北海道で行方不明の中国人女性、行き先は大ヒット映画のロケ地か？―中国メディア,9日、北海道で行方不明となっている中国人女性、危秋潔さんについて、澎湃新聞は捜索範囲が中国の大ヒット映画のロケ地に拡大されたことを伝え...
仏パリ郊外で兵士らに車が衝突、6人負傷  容疑者の男を逮捕,"仏カレーで撮影された警察車両（2014年12月18日撮影）

【AFP＝時事】フランス・パリ郊外で9日、巡回中の兵士らに車1台が衝突し..."
ネパールの入管職員ら、人身売買組織と共謀か 報告書,"ネパール・カトマンズのトリブバン国際空港（2015年3月6日撮影、資料写真）。


【AFP＝時事】ネパール議会の委員会は8日、同国の..."
中国の説得は「天に上るよりも難しい」、中韓通貨スワップ協定の更新は絶望的―韓国メディア,8日、環球網は、THAAD配備問題で中韓関係が冷却化する中、10月10日に期限を迎える中韓通貨スワップ協定の継続が難しい状況であるとす...
700年前の歴史的建物、洪水後に完全な姿現す―中国,"湖北省鄂州市にある歴史的建物が洪水で水没したが、水害に耐え抜いた姿を現した。
2017年8月7日、豪雨による洪水で、湖南省や湖北省など..."
「日本はどこでも清潔」という話は大袈裟だ！ 日本にもゴミが散乱している場所があった=中国報道,「日本はどこでも清潔」という話は大袈裟だ！　日本にもゴミが散乱している場所があった＝中国報道日本を訪れる中国人旅行客が口々に称賛するこ...
「竹島は韓国領」を証明、韓国人教授が自ら集めた資料1100点を寄贈=韓国ネット「国がすべきことなのに」「ちゃんと管理できるか心配」,8日、韓国メディアは、韓国の教授が約10年にわたり私費を投じて集めた独島と韓国近代史関連の資料を独立記念館に寄贈したと伝えた。これに、...
なぜ第二次大戦が開戦したとき、ドイツ海軍の戦争準備は全く整っていなかったのか？,深海の灰色狼。第二次世界大戦で大西洋において連合国側を戦慄させたドイツ海軍の潜水艦「Uボート」にまつわる物語をオムニバス連載で紹介する...
弟が姉を「名誉殺人」、結婚反対された相手と駆け落ちで パキスタン,パキスタン・イスラマバードで行われた名誉殺人に対する抗議デモで、「殺人に名誉などない」と書かれたプラカードを掲げる人権活動家（2014...
夏休みの世界遺産直撃=中国四川省の地震死者19人に、救助難航,【北京時事】中国の四川省北部で８日夜発生したマグニチュード（Ｍ）７．０の地震は、夏休みで多くの観光客が訪れていた世界遺産の九寨溝を直撃...
四川の地震で劇場関係者が犠牲に、観客は「特殊効果」と勘違い―中国,9日、央広網などによると、中国四川省アバ・チベット族チャン族自治州九寨溝県で8日夜に起きた地震で、現地の劇場関係者が犠牲になったことが...
パーム油除去に多くのボランティア、船舶事故で流出 香港,"香港・ラマ島の浜に打ち上がった凝固したパーム油を除去するボランティアたち（2017年8月8日撮影）。

【AFP＝時事】中国の海域で発..."
三菱重工が韓国で賠償命じられる、控訴へ―韓国メディア,8日、太平洋戦争中、女子勤労挺身隊員として名古屋市の軍需工場に徴用された韓国人女性と遺族の計2人が三菱重工業に損害賠償を求めた裁判で、...
もし一生に一度しか日本に行けないなら・・・絶対に「秋の京都」に行く=中国報道,もし一生に一度しか日本に行けないなら・・・絶対に「秋の京都」に行く＝中国報道日本の四季は非常に美しい。中国にも地域によっては四季が存在...
駐機中の航空機に雷直撃 空港職員が感電し重傷(米)＜動画あり＞,米フロリダ州フォートマイヤーズにある空港で、このほど駐機中の飛行機に雷が落ち、すぐ側で作業をしていた職員が感電する事故が発生した。『N...
中国人観光客が「ドイツでナチス式の敬礼ポーズ」を取って逮捕される,今までに、世界中で戦争などにおいてさまざまな残虐行為が行われてきたが、なかでもドイツの独裁者ヒトラーによるユダヤ人大量虐殺は、今でも同...
ケニア大統領選、現職候補リードか 野党候補は不正主張,"ケニア・キアンブで投票に臨む、ウフル・ケニヤッタ大統領（2017年8月8日撮影）。

【AFP＝時事】8日に投票が行われたケニアの大統..."
カナダ人牧師を釈放=病気理由に北朝鮮,【オタワＡＦＰ＝時事】カナダ首相報道官は８日、北朝鮮で投獄された韓国系カナダ人牧師リム・ヒョンス氏の釈放問題を話し合うため、ジャン国家...
核・ミサイル計画進展で危機感=米大統領、「火力」警告-北朝鮮はグアム威嚇,【ワシントン時事】北朝鮮の核・ミサイル計画が予想を上回るペースで進んでいることに、米政府は危機感をさらに強めている。トランプ大統領は、...
テーブル席での“公然排泄”に、ハエの卵混入スープ......中国飲食店の衛生状態がヤバすぎる！,"杭州のレストランで、ほかの客が食事をしている前で子どもに大便をさせる母親
　以前本サイトで、地下鉄の車内で子どもに小便をさせる親を紹介..."
韓国、日本防衛白書の「竹島領有権主張」に抗議―中国メディア,8日、今年の防衛白書に島根県の竹島が「日本の領土」と記載されたことを受け、韓国外交部は強く抗議し、撤回を求める報道官論評を出した。資料...
LIBOR訴訟でバークレイズ銀行と和解合意=法律事務所〔BW〕,【ビジネスワイヤ】サスマン・ゴドフリー法律事務所とハウスフェルド法律事務所は、米ドル建てＬＩＢＯＲ（ロンドン銀行間取引金利）訴訟でバー...
人身売買、入管職員らが協力=「湾岸諸国で仕事」とだます-ネパール,【カトマンズＡＦＰ＝時事】ネパール議会は８日、報告書を公表し、女性を湾岸諸国へ売る人身売買について「国際空港の入管職員、航空会社職員、...
中国仲介で対話を=北朝鮮問題で元米高官,ジョセフ・デトラニ氏　米国の元朝鮮半島和平担当大使　【ワシントン時事】米国のブッシュ（子）元政権で朝鮮半島和平担当大使を務めたジョセフ...
「差し迫った脅威なし」=北朝鮮威嚇でグアム知事,【ワシントン時事】北朝鮮が米領グアム島周辺への弾道ミサイル発射を検討していると表明したことを受け、グアムのエディ・カルボ知事は現地時間...
中国・新疆ウイグル自治区でM6.6の地震,"中国西部の新疆ウイグル自治区でマグニチュード6.6の地震がありました。

　中国地震局によりますと、日本時間の9日午前8時27分に新疆..."
四川省で起きた大規模地震、現地には日韓の観光客も―中国メディア,9日、環球網によると、8日夜に四川省で起きたマグニチュード7．0の地震に関し、同省を管轄する重慶市の日本総領事館は「9日午前6時時点で...
イスラエル、首相汚職疑惑で「包囲網」=辞任説も,【エルサレム時事】イスラエルがネタニヤフ首相の汚職疑惑で揺れている。首相の元側近が検察側の証人になることに合意したことから、首相辞任の...
米空母、初のベトナム寄港へ=中国の軍事拠点化けん制-国防相会談,【ワシントン時事】マティス米国防長官は８日、国防総省でベトナムのゴ・スアン・リック国防相と会談し、２０１８年に米空母が初めてベトナムに...
IS掃討、足踏み=残る爆弾、帰還進まず-モスル制圧1カ月・イラク,【カイロ時事】過激派組織「イスラム国」（ＩＳ）がイラクで最大の拠点としていた北部モスルを、イラク軍が奪還してから１カ月が経過した。約９...
「世界で最も革新的な企業」100社、セールスフォースが3年ぶり首位に,フォーブスは8月8日、今年の「世界で最も革新的な企業」リストを発表した。7度目のランキング発表となる今回は、3年ぶりに米のIT企業セー...
「最高学府」東大、科学論文捏造が波紋...不正蔓延の科学界、STAP論文は氷山の一角か,東京大学は1日、分子細胞生物学研究所の渡邊嘉典教授らが執筆し、英誌ネイチャーなどの海外の有力科学誌に掲載された論文に捏造などの不正があ...
猛暑の夏にうれしい革新的なハンズフリー水分補給システム「Wetsleeve」,"日々の生活をダラダラと過ごしていると、気が付いたらブクブクと太ってしまっている……。意外とそんな人は多いのではないでしょうか。
太りす..."
イヤホンなしで音楽が聴ける！骨伝導を使った見た目普通の帽子『ZEROi』,"インターネットがまだ無かった1970～80年代。
家庭の娯楽の中心は、「ラジオ」、そして「テレビ」でした。しかし1979年、携帯音楽プ..."
インパクト大！タービンをモチーフにした秒針が印象的な腕時計「ZINVO」が日本初上陸,スイス・ジュネーブ生まれの腕時計「ZINVO(ジンボ）」が日本に上陸しました。 ZINVOのシグネチャーモデルとなる「Blade」は、...
8月後半の花火大会(西日本編),2017/08/09 19:04 ウェザーニュース各地で盛り上がる花火大会シーズン！今回は、8月後半に西日本で開催されるオススメ花火大...
元米国国務長官コリン・パウエルの「最強のビジネス書」がついに文庫化！ 伊坂幸太郎も魅了されたその内容とは？,"『リーダーを目指す人の心得』（コリン・パウエル、トニー・コルツ：井口耕二：訳/飛鳥新社）
　「最強のビジネス書」として全世界で大きな話..."
脳梗塞、がん、心臓病から15回生還した男がつづる前向きな闘病記,"『不死身のひと　脳梗塞、がん、心臓病から15回生還した男』（村串栄一/講談社）
　人は生きていれば色々な目に遭う。日本人の平均寿命が8..."
雷オジさんだけど！ 子供を叱ってくれた他人の感動行動,（yongtick／iStock／Thinkstock）昨今は、モンスターペアレントなどの言葉も生まれるなど、教師や他人が子供を叱ると...
自炊を続けるコツ、食材のカットはハサミにおまかせ【今日のライフハックツール】,自炊は続けたいけれど、食材の下ごしらえ…特に「切る」作業は面倒に感じることが多いもの。手早く調理を済ませるには、ハサミでカットするのも...
痩せる人は買い物の仕方が違う!? ダイエットが無理なく続く「痩せ習慣」8つ,"ダイエットはしていますか？
今まさにしている人もいれば、夏だしやろうかな……と思っている人、自分の体型が気になりつつも踏み切れていない..."
モテ子は絶対持っている! アウトドアデートにマストな「気遣いアイテム」5選,"夏は休みのたびに出かけたくなる季節です。海や山、公園などアウトドアデートの予定でいっぱいという方も多いのではないでしょうか。
今回はそ..."
ごちゃごちゃなバッグの中がスッキリ！ 「バッグインバッグ」で小物がきれいに収まる,"スッと取り出せるスマートなバッグインバッグです 

デザインはすてきだけれど、機能性がイマイチで中身がごちゃごちゃ……。オシャレなレデ..."
知ってた？もむだけで、二の腕、太もも、おなかが変わる！,"気になるおなかももむだけでスタイルアップ！ 

ぷにょぷにょ二の腕、ぶるぶる太もも、何とかならないかしら……とお悩みの人に朗報です！　..."
安倍内閣の支持率が上がる方法,安倍内閣の改造が話題になっています。頼りにしていた元衆議院議長の伊吹文明氏には文科相就任の打診を断られたようですが、野田聖子氏の総務相...
猛暑の中、海や川での水難事故を伝える記事を見ると,猛暑の中、海や川での水難事故を伝える記事を見ると、殊更に胸が痛くなる。「ほんの一瞬、目を離したら…」。似た思いを、私自身も経験している...
税務申告、不正多い「意外な」業界トップ5...愛人への給与を経費計上も横行,"元国税局職員、さんきゅう倉田です。好きな昔話は『大きな株』です。
　おそらく、一般的にみなさんが名前を知っている企業は、ほとんどが大企..."
度数の異なる4種類のレンズをワンタッチで交換できる新発想のアイウェア『SEE FIVE』,眼鏡ブランド「クーレンズ」の製造・販売を手がけるエヌ・ティ・コーポレーションは、見たい文字のサイズや使用シーンに合わせて、度数の異なる...
2位さそり座「マンネリ状態からの離脱が」【8月10日の12星座占い】,"出典：https://www.shutterstock.com
売れっ子占い師として人気の筆者による12星座占いランキング。今日のあな..."
【シャドウバース】宝石のエルフ採用の人参ロケットが売りの『魔海宝石サタンエルフ』【エルフデッキデッキコードあり】,"宝石のエルフで究極人参がかなりいい働きをする、ニュートラル軸、魔海宝石サタンエルフ！
公開：2017年8月7日 『魔海宝石サタンエルフ..."
法律家任せでええんか？後見制度【ある成年後見人の手記(4)】,2010年5月、神戸家裁に電話で問い合わせた。「幼少より由利子と交流のある、いとこ夫婦が広島県と滋賀県にいるので呼び寄せて会わせたいの...
法律家任せでええんか？後見制度【ある成年後見人の手記(4)】,2010年5月、神戸家裁に電話で問い合わせた。「幼少より由利子と交流のある、いとこ夫婦が広島県と滋賀県にいるので呼び寄せて会わせたいの...
【シャドウバース(シャドバ)】ミントを使って、スケルトンオーガ、ゴブリンゾンビ？デスタイラント？高スタッツとロマン砲の二刀流！「二刀流ミントネクロ」【ネクロマンサーデッキ紹介デッキコードあり】,散々な評価の魂の番人・ミントですが、今の環境で使ってみたらどうでしょう？スケルトンオーガやゴブリンゾンビなどと併用すればかなり勝てるの...
日本最古の博物館のチャレンジ『びょうぶとあそぶ』,豊臣秀吉が天下を統一した頃に長谷川等伯によって描かれた『松林図』は、日本の水墨画の最高傑作といわれている。これは後に屏風に仕立てられ、...
今日のあなたの運勢は？ 8月10日の12星座占い,あなたの今日の運勢は何位？　あなたのまわりの気になる人の運勢は？　毎日更新の総合運・恋愛運・金運・仕事運をさっそくチェックしてみましょ...
まだ大部屋オフィスで仕事をしているんですか？,"創造的な仕事には、パーテーションなどで個人の空間を確保されているオフィスが望ましい（写真はイメージ）


[JBpressの今日の記事..."
人生って何ですか？小島慶子さんから佐藤愛子さんへの5つの質問,6月20日に本誌連載エッセイ『るるらいらい日豪往復出稼ぎ日記』を 上梓した小島さん。仕事、夫婦、書くこと、子育て…… 人生の大先達であ...
学校では習わなかった...日本を襲う「悲劇的な未来」を回避する方法,日本が後を追うアメリカという国を通して見える「未来」と、日米の法的構造の歴史を紐解くことでわかる「過去」――。この国の「悲劇的な未来」...
前川喜平元文科省事務次官もハマった「出会い系バー」潜入ルポ,"彼女たちが出会い系バーに行くワケ
「出会い系バー、先週土曜日に行ったら年下男性ばかりで、しかもわたしみたいな人妻はセックスに飢えている..."
大炎上したテレビ朝日「ビキニ事件とフクシマ」番組を冷静に検証する,"そもそもなぜ「炎上」したか
『ビキニ事件63年目の真実～フクシマの未来予想図』
テレビ朝日は8月6日、かつて広島に原爆が投下されたこの..."
起業家やビジネスパーソンが語る「20代」のうちにしておくべきこととは？,Inc.：現代の若者は、両親や祖父母に比べて長い教育期間を経てから、キャリアを始めることになります。そうした状況においては、20代とい...
相続税対策をベンチャー育成に利用しては？,"世界に冠たるIT企業、グーグル、マイクロソフト、Facebook…等々。これらはすべて米国が発祥です。
日本社会がバブルに浮かれていた..."
人気記事4コマ漫画~不倫経験者は4人に1人以上！？それでもやはり不倫の先にあるものは“不幸”なのか？~,人気記事4コマ漫画～不倫経験者は4人に1人以上！？それでもやはり不倫の先にあるものは“不幸”なのか？～DOKUJOの人気記事を漫画化！...
慎重になってる？それともキープ？なかなか告白してこない男子の本音とは,"慎重になってる？それともキープ？なかなか告白してこない男子の本音とはBAR北条へようこそ！バーテンダーの北条誠です。
このコラムでは、..."
アゴラ著者入門セミナー開催(2017年9月12日)のお知らせ,次代の論客になりうる新しい才能を開拓するため、アゴラ研究所（東京都渋谷区、代表取締役　池田信夫）は、出版企画会社「Jディスカヴァー」（...
無神論者はインモラルだと見なされやすいという研究結果,"By Caitlin 'Caity' Tobias
最新の研究によると、無神論者はキリスト教徒、イスラム教徒、ヒンズー教徒、仏教徒より..."
大江健三郎氏 長編執筆から4年...「神経症療法」病院通いの今,7月下旬の朝、都内にある大江健三郎氏（82）の自宅前には一台のタクシーが止まっていた。妻・ゆかりさん（81）と同伴女性に連れられて、車...
男性から見たあなたの魔性度は？ #深層心理,"無意識のうちにとる行動や選ぶ答えには、自分でも気づいていない本音や真実のあなたが隠れています。

Q. きょうは女子限定のお洒落なビア..."
【シャドウバース(シャドバ)】ウルズが鍵！連なる咆哮、サハクィエルの最新バージョン！『最新連なるサハクィエルランプドラゴン』【ドラゴンデッキ紹介デッキコードあり】,"環境が変わって構成を調整した連なる咆哮＆サハクィエルによるランプドラゴン！
公開：2017年8月7日 『最新連なるサハクィエルランプド..."
SONYは？ トヨタは？ 米国人が「米国企業だ」と思っている外国企業ランキング,（Purestock／Thinkstock）世界最大の経済規模を誇る米国。先進国でありながら、着実に成長を続ける市場を求めて、日本を始...
惹かれる男と、信頼できる男。“本当の幸せ”を考え尽くした女が下した決断,医者を好み、医者と付き合い、結婚することを目指す。そんな女性たちを、通称「ドクターラバー」と言う。日系証券会社の一般職として働く野々村...
寿退社したものの：憧れの専業主婦ライフ。華やかな生活を捨ててまで得た「安定」の現実,結婚したら、寿退社♡一昔前まで、それは女性の人生における最初の小さなゴールだった。家庭に入り、料理の腕を磨き、夫の帰りを待つ。だが、2...
【8月11日・12日・13日】関東近郊で開催される花火大会6選をチェック,2017年8月11日・12日・13日に開催される花火大会をご紹介します。さいたま市花火大会や熊谷花火大会など、都内からアクセスしやすい...
「イケるかも...！」エッチの“痛い”を“気持ち良い”に変える方法4つ,【セックス／モデルプレス】エッチの時に痛みを感じてしまうと、その後の展開にどうしても消極的になってしまいますよね。せっかくお互いが気持...
目を見つめながら手マン、挿入時の大きなため息...カップルの「復縁直後のセックス」に悶える！／女性向けAV,"『once more』

　別れを切り出さした彼女・水樹りさちゃんと、なかなか受け入れられない彼氏・有馬芳彦くんカップルの切ないセック..."
コタキナバルには可愛いラッコの家族が住んでいるんだよ♪ 大自然広がるマレーシアの大地,ロッカウィワイルドライフパーク(Lok Kawi Wildlife Park)は、マレーシアのなかでも特に素晴らしい動物園として知られ...
すたこらサッサ、ほいサッサ。海底を歩く姿が愛くるキュートなカエルアンコウのお通りでぃ！,泳ぎが不得手な人ならば、魚のように泳いでみたいと思う人もいるだろう。しかし広い海の中には、たとえ魚類であってもなぜか歩くのが好きな特異...
女子会にぴったり**前髪くるりんぱで簡単アレンジ,akko簡単前髪くるりんぱアレンジgracebyafloat
東京・大手町のオフィス街に牧場がオープン,"動画を見る（元記事へ）　東京・大手町のオフィス街に驚きの癒しスポットがオープンしました。

　9日にオープンした「大手町牧場」では、オ..."
全国から選りすぐりのショップが集合！大井競馬場で「真夏の東京蚤の市」,◆全国から選りすぐりのショップが集合！大井競馬場で「真夏の東京蚤の市」これまで春と秋に開催していた「東京蚤の市」が、初めての夏開催で大...
【誰でも簡単！1分でできる！】この夏絶対に暑くない！オールバックお団子！,伊藤りか誰でも簡単にできちゃう！この夏絶対暑くない！オールバックお団子！！暑い夏は後れ毛なしでも可愛く！ぜひためしてみてね(*´꒳`*)
イマドキの未婚女性が結婚相手に求める年収は？,かつてのバブル期前後、理想の男性は3高＝高学歴・高身長・高収入といわれていた。これに対して最近は3平＝平均的な年収・平凡なルックス・平...
彼氏にプロポーズされたい！男性が結婚を意識する瞬間って？,【恋愛コラム／モデルプレス】彼氏との交際が順調に続いていくと、次第にふたりの将来を考え、結婚を意識し始めるのが自然な流れでしょう。しか...
今週の花火大会！熊本県編[2017年8月11日(祝・金)~17日(木)],"祭りのラスト30分間で3000発！炸裂する花火を御船川で 

■  第29回教会のみえる崎津(さきつ)みなとのフェスティバル / 8月..."
透明のカヌーに乗って。沖縄で魚と泳ぐ夏休み,待ちに待った夏休み！私達家族は一年に一度ゆっくり過ごせる日本での夏休みをただ今満喫しています。先日は10日間、沖縄に行ってきました。1...
"カット+カラー+トリートメントで【3,900円！！】破格的安さの美容院★","最近、リピートしてる美容院✂︎
【little×salt 渋谷2号店】

とってもお洒落な雰囲気で
技術力も高いのに、
びっくりするほ..."
1日30秒だけで腰痛が和らぐ!?整体師が教えるラクラク運動とは？,"■連載／メンズビューティー通信
肩こりと並んで、多くの人が悩んでいるのが腰痛。マッサージ屋さんに定期的に通って揉んでもらっても、その時..."
働く青年たち、仕事をめぐる習慣が変化―中国,無界空間がこのほど発表した「『90後』の仕事をめぐる行動の研究報告」によると、次世代の働く青年たちは育ってきた環境の違いに仕事をめぐる...
スコッチは「産地」で味が大きく変わる。その理由とは？,長い間、私はスコッチが嫌いなのだと思い込んでいました。ところが、知人に勧められてシングルモルトの大規模な試飲会に参加したとき、自分はス...
《小旅行気分》小江戸の街、川越,"都心から電車ですぐ行ける、小江戸の街
川越！！都心から電車ですぐに行けるのにプチ旅行になれる川越。
外国人の観光客も多いです！

恋愛..."
Gスポット・ポルチオも刺激する最高体位は...正座でバック!?,"Photo by Charles Dyer from Flickr
動画でナマケモノを見て癒されています。こんにちは、大根 蘭です。
..."
汗をかいても涼顔。本当にヨレない・崩れない最新クッションファンデ3選,ポンポンするだけでキレイなベースメイクが完成するクッションファンデ。数年前から注目を浴び始め、まだまだ人気が衰えませんよね。ですが、ベ...
少年が少年に恋をした。思春期のせつない恋心を表現したショートフィルム「イン・ア・ハートビート」,その人の姿を見ただけで胸がキュンキュン。目があおうものなら心臓がバクバク。地に足がついているのになんだかフワフワして、うれしくなったり...
「窓を開けたまま」は危険！暑い夜も快適に眠れるひんやりアイテム3選,暑い日が続きますね……。冷房の強くきいた室内と外との温度差に体力を奪われている人もいるのではないでしょうか。エアコンの風は、乾燥してい...
今週の花火大会！大分県編[2017年8月11日(祝・金)~17日(木)],"佐伯港の夜空に打ちあげられる麗しい光 

■ さいき火まつり / 8月11日(祝・金) 19:40～20:40
【写真を見る】約200..."
髪と頭皮が生き返る！【Eral premier  】イーラル プラミエ   日本初のエイジングケア,"お疲れ様です(^^)！

いつになっても
髪は女の命です♡

わたしもその中の1人なのですが( ͡° ͜ʖ ͡°)
過去にブリーチを３..."
外資系ショップの大セール【中国】,ファッションブランドで、四川省の女性に人気のショップといえば、「H＆M」「ZARA」「ユニクロ」そして「C＆A」です。これら外資系ファ...
8月の気分にクリーンヒットする『THREE』の最旬カラー！,人によってとらえ方が全然違う８月。「まだまだ、夏楽しむぞ！」って人、「そろそろ、夏に飽きてきたなー」って人。私の場合、気持ちは前者だけ...
「付き合ってないのにエッチしちゃった...」と男子が悩むケース3つ,男の人ってエッチするのが大好きだといいます。付き合う前でも「エッチさせてくれるなら喜んで！」という男性も少なくないでしょう。ですが、中...
この色を何に例えよう？ #深夜のこっそり話 #758,台風一過で蒸すような暑さが戻ってきましたが、そろそろ新調したいのが秋のコスメ。ファッションもコスメ選びも、季節の変わり目はテンションが...
ペニスがポキッ！となる「陰茎折衝」 激しいピストンや騎乗位に注意,"Photo by tup wanders from Flickr
ちんこがポキッと折れる「陰茎折症（いんけいせっしょう）」ってご存知で..."
3位本屋で...!? 運命の男性との「理想の出会い方」1位とその確率は,"季節は夏。「今年の夏こそ彼氏が欲しい！」と思っている人もいるでしょう。
では、世の独身女性たちはどんな状況での出会いを期待し、そしてそ..."
ホラー水族館が今年もやってくる...... 夜間のサンシャイン水族館を歩く、五味弘文プロデュースの恐怖イベント再び,サンシャイン水族館（東京都豊島区東池袋）にて9月28日〜11月5日の期間限定で、ホラー水族館「あやかしの人魚」が開催されます。お化け屋...
ああ...オフショル台無し！太って見える「巻き肩」の簡単改善ポーズ,"ヨガインストラクターの筆者。仕事柄、気がつくと人の姿勢に目がいきます。
オフショルダーが流行の今年、特に気になるのは肩のライン。街中や..."
おっさん、おばさんに朗報。森下仁丹が「第四新卒」を採用するワケ,米国育ちで元ANA国際線CA、さらに元ニュースステーションお天気キャスターからの東大大学院進学と、異例のキャリアを持つ健康社会学者の河...
一度は行きたい、関東の感動絶景89選！観光やデートにおすすめ,滝、湖、渓谷など、見る人の心を揺さぶる絶景、美しい風景の数々…。じゃらん編集部では、四季折々で感じることのできる、日本中の感動絶景スポ...
ビックデータ分析で判明！オンラインポルノで失業率を予測できる!?,表立って声高には語られないものの、オンラインコンテンツとして揺るぎないメジャー分野がオンラインポルノである。まさに“隠れファン”が多い...
「今夜ッ...俺は浮気をしてしまうかも！」と男子が感じる瞬間4つ,本当に人ってなんで浮気しちゃうんですかね。パートナーが一番だと思いつつ、目の前の誘惑に負けられないのって仕方がないんでしょうか？　もし...
苦痛や不快に精神を支配させてはいけない,今回ご紹介する言葉は、マルクス・アウレリウス・アントニヌスの『自省録』から引用したもの。アウレリウスが苦痛や不快の克服について書いてい...
相模原障害者施設殺傷事件・植松聖被告は、内向的だけど目立ちたい「アンバランスな人間」【THE 筆跡鑑定ファイル】,相模原市の障害者施設「津久井やまゆり園」で19人が刺殺、27人が負傷した事件から1年がたつ。植松聖被告は「手紙魔」でもあり、事件前に衆...
【0歳】一軒家貸し切り!? カメラマンが教える「記念写真」撮影スタイル4つ,"出典：https://itmama.jp/
お宮参りやお食い初め、ハーフバースデーなどなど、0歳の時は記念日が盛りだくさん！　大切な記..."
髪型をベリーショートにしたい！そう思ったらチェックしたいTIPS,まずはヘアスタイルを決めようはやりのツーブロックボーイッシュなツーブロックですが、カラーを優しい色にしたり、パーマをかけてフェミニン度...
＜新刊レビュー＞在宅死を全力で叶える医師の実話、など,"めったに笑わない理由とは？　フランスあるあるが満載のエッセイ
■『フランス人　この奇妙な人たち』
（ポリー・プラット＝著　1800円＋..."
【元気にしてあげる♡】男が「感激する」エッチ中の気遣い,"男性は、エッチに対してもプライドを持っています。
だから、何気ない女性からのひと言が、グサっと胸に突き刺さってしまうこともあるのです。..."
犬が親しみやすいと感じる人の6つの特徴,"犬が親しみやすいと感じる人の特徴


人と共存してきた歴史が長いとされている犬は、他の動物に比べて人間によく懐くと言われています。しか..."
一挙両得！ 知床五湖を深く楽しむ歩き方,"地上遊歩道は「知床五湖フィールドハウス」が出発点 

原始の自然が息づき、世界自然遺産にも認定されている知床。そんな知床の原生林の中に..."
帰省のモヤモヤ...子が祖父母宅に泊まるのを嫌がる場合,7月、８月は新幹線や高速道路のサービスエリアで親子連れを多く見かけます。夏休みには遠方に暮らす祖父母宅に泊まるのが楽しみだったという人...
【大分へ行こう！】冷たい温泉に洞窟風呂!?子供も大人も楽しめる九重のユニーク温泉,"夏期限定の冷泉は混浴のため、水着着用で入る。足湯としても利用OK。ひんやり気持ちよく、しばらくすると足先がポカポカ♪ 

温泉王国の大..."
第3子出産直後の香椎由宇も絶賛♡毎日の「洗濯をもっとハッピーにする」アイテム,"出典：https://itmama.jp/
暑くてジメジメした天気が続くと、気持ちも体もスッキリしないですよね。
そんな日に面倒な洗濯..."
『 #過保護のカホコ 』が超かわいい♡ 素直な女子が一番愛される理由,高畑充希主演のドラマ『過保護のカホコ』。母親の過度な愛情を受けて育ったカホコは、自分一人では何もできないちょっとダメな女子ではあります...
夏バテから脱出するためのサポーター「温泉卵」活用術【ポジティブ栄養学】,蒸し暑い日々が続き、暑さとたまった疲れで食欲が落ちてしまっている、なんて人もいるかもしれません。そんなときに手が伸びるのは、ツルッと口...
セルフで小顔！フェイスラインをシャープにするリンパマッサージ,"セルフで小顔！フェイスラインをシャープにするリンパマッサージ
フェイスラインがぽっちゃりしている、むくんでいる・・・。そんな悩みには、..."
カスタム10万通り。TOD'Sのドライビングシューズで東京を軽やかに歩く,"十数年前にトレンドになり、そのあとも定番アイテムとして人気を得てきた「TOD'S（トッズ）」のドライビングシューズ。
いま、再び波にの..."
これだけは知っておいて！【世田谷区】の子育て支援おトク制度まとめ(超基礎編),"出典：https://pixta.jp
国や自治体は子育て世代のママ・パパをサポートすべく、妊娠〜出産〜産後まで、多様なサービス・助成..."
今日可愛いじゃん...♡彼は気付かない「高見えプチプラデート服」4選,"プチプラは彼とのデート服には不向きだと思っていませんか？
実は、プチプラはアイテム選びで高見え出来ちゃう魔法のアイテムなんです。
お気..."
アレばかり褒める！男が隠せない「エッチしたいだけ」のサイン3つ,基本的に男って「エッチしたい！」という衝動に突き動かされて生きていると言っても過言ではありません。キスだって、その後のエッチを想像する...
子育てママの面接対策！ アピールすべきポイントとは？,結婚や出産を機に退職し、子育てが落ち着いてから再就職を考えるママは少なくありません。しかし、子どもがまだ小さいうちは、なかなか採用され...
【アンケート実施中】富士通FMVのイメージ、教えてください,ASCII.jpと富士通の共同企画で、富士通パソコンをお持ちの方を対象に感想や意見を募集します。　本企画ではユーザーの皆様から「FMV...
ウォーターパークで紫外線情報チェック！【アメリカ】,"夏になると余計に気になるのが紫外線。
特に、海やプールに遊びに行く際は、どの程度の日焼け止めクリームを使用すればいいのか気になりますよ..."
【大分へ行こう！】とっておきの時間を！由布院をもっと楽しむ体験スポット5選,"自分の好きなように、じっくりと箸を制作できる 

九州屈指の観光地・由布院には、温泉やグルメスポットのほかにも、手作り体験ができる工房..."
ご利益あるかも！全国”金運アップ”スポット30選！お金にまつわるパワースポット満載★,"金運アップしたいアナタにおすすめ！お金にまつわるパワースポットを全国からピックアップ。
商売繁盛や宝くじが当たると人気の金運スポットは..."
JVCケンウッド、次世代タクシー配車システム開発へ...クラウド活用,JVCケンウッドの次世代IoTソリューション事業のイメージ図JVCケンウッドは8月9日、横浜市のタクシー会社、三和交通との間で、タクシ...
8/10のセール情報：毎日変えたくなる！癒されるライブ壁紙アプリ「Live HD」無料セール,"おはようございます！@kamiappです。
木曜日のセール情報、本日のイチオシは「Live HD」[￥480 → 無料]、 鮮やかでリ..."
ローランドが往年の名機をベースに最新技術を投入したリズム・マシンとシンセサイザーを発売,ローランドは、コンパクトなボディながら本格的なサウンドを搭載した「Roland Boutique」シリーズの新モデルとして、リズム・コ...
フィリップスがシェーバー最上位機種「9000」シリーズの新モデル、スタンダードモデル「5000」シリーズの日本オリジナルカラーモデルを発売,フィリップス エレクトロニクス ジャパンは、シェーバーの最上位機種「9000」シリーズの新モデルとしては、同社史上最も身近な価格帯の『...
ロデオエクササイズで気になる部分を引き締める乗馬型フィットネス機器『ロデオボーイ』,大東電機工業は、同社が展開するヘルスケアブランド「THRIVE」から、独自開発の「ランダム・モーション・テクノロジー」により、ウェーブ...
みんなと同じスマホで満足ですか？ライカレンズ、AR、着せ替えなど個性派SIMフリースマホ5選,種類豊富なSIMフリースマートフォンには、個性派端末もズラリ。カメラ、デザイン、頑丈さに、先進技術まで、ほかにはない1台を見つけよう。...
バッファロー、10GbE/5GbE/2.5GbEに対応したLANボードを発売,"LGY-PCIE-MG
株式会社バッファローは、10GbE（10ギガビットイーサネット）、5GbE、2.5GbE、GbE、100MbE..."
「+」と「-」を確認する必要もなし！電池を手軽に充電できる急速自動充電器『エネロイド』が登場,ケンコー・トキナーは20本の単3形充電池を手間なく充電できる急速自動充電器『ENEROID EN20B』を8月10日より発売する。『エ...
リンクジャパン、電流センサー内蔵のスマートリモコン「eRemote Pro」を発売,"eRemote Pro
株式会社リンクジャパンは、スマートフォンで家電を操作しながら、エアコンの稼働状況を可視化できるスマートリモコン..."
科学界で話題！発見者も信じられなかった劇的効果の最新「肥満治療」,体内で分泌される、ある種の生殖ホルモンに対する抗体療法が、体脂肪の大幅な減少と骨量の増加を促すことが米国の研究チームによって発見され、...
Googleが「女性はコーディングに向かない」と主張した男性社員を解雇,「女性は技術職に向かない」との考え方から、Googleの男性社員が同社のダイバーシティ（多様性）の方針を社内文書で批判。Googleは...
【今日の無料アプリ】120円→無料♪スキャンして文字認識！「Scan mate」他、2本を紹介！,8月10日の「今日の無料アプリ」は、書類をスキャンして、文字認識してくれるアプリなど、3本のお得なアプリをご紹介！3本のアプリは、どれ...
最古の滑空哺乳類、中国で化石発見 ジュラ紀に恐竜と共存,"赤ん坊を抱いて木の枝を伝うMaiopatagium furculiferumの想像図（2017年8月8日米シカゴ大学提供）。

【AF..."
iPhone8ダミー「コッパーゴールド」版の画像がツイッターで公開,噂をもとにしたiPhone8のダミーはこれまでにもいくつも公開されていますが、先日浮上した新色「コッパーゴールド」追加の情報から作成し...
iPhone8はユーザーが画面を見ただけで自動的に通知音がオフに？,"有機EL（OLED）ディスプレイを搭載するiPhone8は、3Dセンサーにより顔認証でのロック解除が可能になるといわれています。
 
..."
クラウドソースの100語をTwitterでミュートするMute,政治やスポーツ、世界の出来事などに興味がないのなら、ソーシャルメディアは鬱陶しいだけの存在かもしれない。しかしそれでも、友だちとつなが...
意外に安い？ “魅せる”に特化した超大型ケース「Core P7 TG」がおもしろい,左右に2枚の拡張シャーシを備える、Thermaltakeの超大フルタワーオープンフレームケース「Core P7 TG」が発売中だ。CO...
鳥居みゆき、インスタグラムに心配される,お笑いタレントの鳥居みゆき（36歳）が8月9日、自身のInstagramに現れた画面のスクリーンショットを投稿。「これなにーーー！！！...
1億6000万年前に滑空=初期哺乳類の化石発見-中国,約１億６０００万年前の滑空する初期哺乳類の想像図。中国遼寧省で発見された化石に基づく（米シカゴ大提供）　現代のモモンガのように樹木から...
読み込み2750MB/秒の安価なApacer製NVMe対応SSD,Apacerから、NVMe対応のM.2 SSD「Z280 M.2 PCIe SSD」シリーズが発売された。ラインナップは、120GBの...
PCレスコピー機能もあるクレードル「裸族のお立ち台TWIN」が発売,センチュリーの人気外付けHDDケース「裸族」シリーズから、2.5/3.5インチSerial ATA HDD/SSDを2台まで搭載できる...
VR専用“眼”STG『ぎゃる☆がんVR』Steamにいきなり配信！ 悪魔を吸い込む新装備も登場─「スカートがめくれるのは“偶然”」,VR専用“眼”STG『ぎゃる☆がんVR』Steamにいきなり配信！ 悪魔を吸い込む新装備も登場─「スカートがめくれるのは“偶然”」もっ...
心拍計測精度が高いスポーツ愛好者向けGPSウォッチ発表,アメア スポーツ ジャパンは8月10日、スントのマルチスポーツ対応GPSウォッチ「SUUNTO Spartan Trainer Wri...
【特集】水口氏の至宝『Rez Infinite』がPCに！―インタビューと体験プレイでその内面に迫る,【特集】水口氏の至宝『Rez Infinite』がPCに！―インタビューと体験プレイでその内面に迫るもっと画像を見る2016年10月に...
iPhone7s/7s Plus、iPhone8の3モデルともすでに量産開始！？,今秋発売見込みのiPhone7s/7s Plus、iPhone8の3モデルすべてが、すでに量産体制に入った模様です。台湾サプライヤーか...
Flash Playerに2件の脆弱性、最新バージョンにアップデートを,JPCERTコーディネーションセンター(JPCERT/CC)は9日、Adobe Flash Playerの脆弱性に注意を喚起した。脆弱...
iPhoneでファイルをダウンロードできる? - いまさら聞けないiPhoneのなぜ,説明書を読まなくても使い方がわかるのが、iPhoneの魅力であり強みです。しかし、知っているつもりでも正しく理解していないことがあるは...
旧日本海軍の潜水艦「伊58」を特定する調査 ニコ生で中継,長崎県五島列島沖に沈んでいるとされる旧日本海軍の潜水艦「伊58」を特定調査するプロジェクトが、ニコニコ生放送で生中継されます。8月22...
ソフトバンク、LINEで請求額やデータ通信量を確認できるサービス開始,"ソフトバンクは8月9日より、LINE上だけで請求金額やデータ通信量を確認できるサービスを開始しました。
 
従来の「My Softba..."
Android向けカーナビタイム、抜け道ルート機能を提供開始...プローブ情報を活用,カーナビタイム 抜け道ルート機能ナビタイムジャパンは、Android向け「カーナビタイム」にて、「抜け道ルート」機能の提供を8月9日よ...
Amazonの‘Themes’機能はカスタマーレビューを気になる言葉でフィルターできる...レビューが超多すぎる製品では便利,"【抄訳】
Amazonがとくに告知もなく、“Themes”（テーマ）という新しい機能をモバイルのAmazonアプリに導入した。それは、..."
スカパー、北アルプスの山小屋にWifi=衛星で通信提供,スカパーＪＳＡＴは９日、北アルプスの山小屋５カ所で、無線通信（Ｗｉｆｉ）を提供すると発表した。スカパーの通信衛星を使い、山小屋に設置し...
CIAが人々の日常生活を監視している。ウィキリークスが暴露したCIAによって監視されている6つの電子製品、デバイスなど,「Vault 7」で公開されたウィキリークスの最新リークは、CIAが一般的な電子機器を通じてごく普通の人々を監視する手口を暴露している...
なにそれ乗りたい―目的地まで運んでくれるロボット車いす、羽田空港で実験中,"すべての動画・画像がある記事はこちら
人が乗ると自動で目的地まで走るロボット車いすが、羽田空港で公開実験中だ。パナソニックが実施してい..."
日本エイサー、自宅のペットを見守る耳型ライト付きネットワークカメラ,日本エイサーは8月9日、スマートデバイスで操作するワイヤレスプレイカメラ「PAWBO+」(パウボプラス)に、ネコ耳ライト機能を追加した...
柿の種、宇宙(そら)へ,"Screenshot: 小暮ひさのり／亀田製菓株式会社
まさかの宇宙食化です。
地上からはるか400km。これは日本のお菓子が、光と闇..."
ソフトバンク、MVNO対策の新料金プランを導入する予定なし,今年に入り、NTTドコモ、KDDIはそれぞれ新料金プランの発表を行ってきましたが、ソフトバンクは今のところ新料金プランは作らず、現行の...
ニンテンドースイッチのコンテンツを支えるアカマイ「Miitomoの配信サポートで信頼性の高さが証明された」,ニンテンドースイッチのコンテンツを支えるアカマイ「Miitomoの配信サポートで信頼性の高さが証明された」もっと画像を見るアカマイは、...
アレもコレも...Appleが「2017年内に発売する製品」はiPhone 8だけじゃない！,"こんばんは、yumiです。
2017年前半にはiPhone 7 (PRODUCT)RED、10.5インチの新iPad Pro、新iMa..."
VPN&NAS機能が高性能過ぎる機能てんこ盛りのWi-Fiルーターをレビュー,RT2600ac本体は、サイズは280×169×77mmとかなり大きい。基本的に縦置きには対応しておらず、置き場所確保には苦労しそう　...
スマホで駐車できるベンツ,スマートフォンを使って、メルセデス・ベンツの最上級セダン「Ｓクラス」新型モデルを縦列駐車する開発担当者＝９日正午、千葉県市川市　メルセ...
エイサー、ライト機能付きのペット用カメラ「パウボフラッシュ」を提供開始,"パウボフラッシュ
日本エイサー株式会社は、スマートデバイスで操作できるワイヤレスカメラ「パウボ プラス」にライト機能を追加した新製品「..."
「PICTAR」カメラグリップはiPhoneに一眼レフの操作系をインストールする,"Photo: 小暮ひさのり
さぁ、撮るぞ！
という気分にさせてくれるグリップです。miggoが発売している「PICTARONE」「PI..."
Googleスクリプトを使って、スプレッドシートから自動でメールを送信する,MakeUseOf：Googleスクリプトは、スプレッドシートやドキュメントといったGoogle製の生産性ツールを自動化できる、強力な...
『PUBG』Week20アップデート告知―メインサーバー向けに8月10日配信,『PUBG』Week20アップデート告知―メインサーバー向けに8月10日配信Blueholeは、『PLAYERUNKNOWN'S BA...
60fpsで高画質、HDRにも対応し証拠を撮り逃さない上海問屋のドラレコ,"ドスパラは8月9日、同社が運営する「上海問屋」にて、小型のドライブレコーダー「SN-914778」を発売した。価格は12,999円(税..."
DMM.make、ガラスにイラストを立体レーザー彫刻してくれる「3Dクリスタル」開始,"動画・画像が表示されない時はこちら
PCなどで作成したデータを渡すと立体で3Dプリントしてくれる「DMM.make」。そこが新サービス..."
滋賀銀行、来年3月からスマホ決済=ビリングシステム社と提携,滋賀銀行は９日、スマートフォン向け決済アプリの開発で決済代行会社のビリングシステムと業務提携したと発表した。スマホを使った決済サービス...
朗報？ 「iPhone 8」はiPhone 7s/7s Plusと同時発表で同時リリースも、かなり品薄に？,"Image: Janis Straut/Shutterstock.com
人気色とか、手に入るのかな…。
先日にはケース入りの本体画像..."
メルセデスが新型「Sクラス」を発表、最新技術で示す進化の方向性,メルセデス・ベンツ日本はフラッグシップモデル「Sクラス」の新型を発表した。すでに予約注文の受け付けを開始しており、納車は9月上旬から順...
帰宅時にふわっと自動で光る、Bluetooth連携キーライトアクセサリ『LumNkey』,"暗闇で鍵をゴソゴソ、面倒ですよね。
夜中に自宅に帰ったら玄関が真っ暗で鍵や鍵穴の場所がちっともわからない……なんてことありますよね。そ..."
売切続出のニンテンドースイッチ、8月22日からはマイニンテンドーストアで予約受付,任天堂株式会社は、Nintendo Switch（ニンテンドースイッチ）の販売について、同社の公式オンラインストア「マイニンテンドース...
カラオケがVRで進化する!?「KDDI カラオケVR」がJOYSOUNDで提供開始,KDDIはカラオケ店舗で楽しめるVRサービス、「KDDI カラオケVR」の提供を月22日より開始する。第1弾として全国にカラオケ店舗展...
ウィラートラベル、auかんたん決済による高速バス代金支払いに対応,ウィラートラベル、auかんたん決済による高速バス代金支払いに対応ウィラーとKDDI、沖縄セルラーは、8月9日より、予約サイト「ウィラー...
ベンツ新型Sクラス発表 “自動で車線変更”機能も,"動画を見る（元記事へ）　メルセデスベンツの新型車が発表され、自動運転に一歩近付く技術が公開されました。

　メルセデスベンツSクラスは..."
【夏休み】スマホで自由研究！ 小学生でも作れる100円VRとスマホ顕微鏡に挑戦してみました！,夏休み真っ只中。海水浴にBBQといったレジャーもいいけど、親としてはぼちぼち子どもの宿題の進捗状況が気になってくる頃合です。筆者には小...
【ビデオ】日産、自動運転技術を搭載した新型「リーフ」のCMを公開,日産から、自動運転技術をアピールする日本市場向けの新しいCMが公開された。そして当然ながら、これは9月正式発表が予定されている新型「リ...
【本日のセール情報】Amazonタイムセールで最大49%オフも！マグネット網戸やスマート電球などがお買い得,Amazon（アマゾン）で毎日開催されているタイムセール、今日2017年8月9日は暑さ対策と虫対策になるマグネット網戸、ノイズキャンセ...
原稿と写真を用意すればニュース番組を作ってくれる斬新なサービス「アバターエージェントサービス」,"Image: アバターエージェントサービス/YouTube
夜7時のニュースです。
共同通信デジタルとソニーは、「原稿と写真を用意する..."
写真をパッとおしゃれに加工♡ ネオン文字を入れられるアプリ「NEON ME」が使える！,"最近はカフェの店舗や古着屋の店舗で、壁にネオンの文字をつけるのが流行っていますね。
でもちょっと写真を撮りに行くのが大変…。そんな時は..."
【ビデオ】日産、自動運転技術を搭載した新型「リーフ」のCMを公開,日産から、自動運転技術をアピールする日本市場向けの新しいCMが公開された。そして当然ながら、これは9月正式発表が予定されている新型「リ...
【本日のセール情報】Amazonタイムセールで最大49%オフも！マグネット網戸やスマート電球などがお買い得,Amazon（アマゾン）で毎日開催されているタイムセール、今日2017年8月9日は暑さ対策と虫対策になるマグネット網戸、ノイズキャンセ...
原稿と写真を用意すればニュース番組を作ってくれる斬新なサービス「アバターエージェントサービス」,"Image: アバターエージェントサービス/YouTube
夜7時のニュースです。
共同通信デジタルとソニーは、「原稿と写真を用意する..."
写真をパッとおしゃれに加工♡ ネオン文字を入れられるアプリ「NEON ME」が使える！,"最近はカフェの店舗や古着屋の店舗で、壁にネオンの文字をつけるのが流行っていますね。
でもちょっと写真を撮りに行くのが大変…。そんな時は..."
あのパスワード規則、実は失敗作だった,"パスワード管理に関する有名な冊子の執筆者ビル・バー氏（72）は、あれは失敗作だったと告白している。
　2003年、米国の業界規格設定を..."
東芝、業界最速の64層積層3Dフラッシュメモリー搭載SSDシリーズを開発,「PM5シリーズ」、「CM5シリーズ」 　東芝は8月8日、64層積層プロセスを用いた3次元フラッシュメモリーを搭載したエンタープライズ...
バッファロー、音声アシスタント呼び出せるBluetoothヘッドセット,「BSHSBE200シリーズ」（全5色がラインアップ）　バッファローは8月9日、音声アシスタント呼び出しにも対応するBluetooth...
家のエアコンを外出先から操作できる「eRemote pro」12月出荷決定,リンクジャパンは8月9日、スマートフォンで家電を操作でき、エアコンの稼働状況の可視化するスマートリモコン「eRemote pro」を1...
複数の「Amazon Echo」をグループ化できる？ マルチルーム・オーディオ機能が近日中にやってくるかも,"Image: amedley / Shutterstock.com
あのお部屋でも、このお部屋でも音楽再生。
操作対応製品が増えたり、..."
iPhoneで手軽に星空を撮影できるアプリ―注目のiPhoneアプリ3選,iPhone／iPadアプリをメインに紹介しているサイト「iPhonePLUS」では、アプリ開発者さんにも御参加いただき、ご自身のアプ...
カシオ、電子ピアノ「Privia」シリーズの新モデルを計5機種,カシオ計算機は、コンパクトかつスタイリッシュなデザインが特徴のデジタルピアノ「Privia(プリヴィア)」シリーズから、「PX-870...
iPhoneアプリとJForex3プラットフォームをアップデート,"株式会社フィスコ
デューカスコピー・ジャパン株式会社【関東財務局長（金商）第2408号】は、iPhoneアプリとJForex3プラット..."
Webページに構造化を加えて、画像検索にバッジを - Googleウェブマスター向け公式ブログ,"文字の情報ではなく、イメージで調べたい時がある。たとえば、""暗がりのなかに間接照明とPCの画面がほのかに光る書斎""がいいなあとテキスト..."
ルンバのマップは売るの？ 売らないの？ iRobot社Vice Presidentに聞いてみた,"Photo: ギズモード・ジャパン編集部
ルンバIoT化の真意を聞きました。
ルンバに久しぶりに新機種「ルンバ890」「ルンバ690」..."
ドコモ、子供の安全を見守る「イマドコサーチ」に警視庁の事件情報を配信へ,"発表資料
株式会社NTTドコモは7日、子供の見守りサービス「イマドコサーチ」に、警視庁による事件情報を配信する「ちかくの事件情報」機能..."
コンチネンタル、自動車ソフト技術者向けトレーニングプログラムを拡大,コンチネンタルの自動車ソフト技術者向けトレーニングプログラムドイツに本拠を置く自動車部品大手、コンチネンタルは8月7日、自動車ソフトウ...
モンゴルで新種の恐竜を発見 - 北大,北海道大学は、モンゴル・ゴビ砂漠のトゥグルギンシレに分布するジャドクタ層から発見した化石が新種のオルニトミムス類恐竜であることを明らか...
自由落下の一様性はミリメートル規模の物体でも成り立つ - 立教大が確認,立教大学は、物質によらず、すべての物体は重力場の中で同じ加速度で落下するという「自由落下の一様性」が、ミリメートル規模の小さな物体によ...
COACHのApple Watchバンドに新デザイン追加。恐竜入りもあるよ！,"Image: COACH
うー、がおー！
2016年6月にファッションブランドのCOACH（コーチ）から登場した、Apple Watc..."
【横浜で開催中】『ポケモンGO』イベントで回線環境への不満が相次ぐ ソフトバンク提供のフリーWi-Fiを要チェック,"8月9日（水）から開催されている『Pokémon GO』の公式イベント「Pokémon GO PARK」。
初日に参加したトレーナーか..."
ほんやくコンニャクのような翻訳デバイス「ili(イリー)」、宿泊施設などへ無料レンタル開始,株式会社ビジョンは8日、ウェアラブル翻訳デバイス 「ili（イリー）」について、10日間無料お試しレンタルの提供を開始すると発表した。...
エディオンが自作PCのオリジナルチラシで販促効果,「エディオンで組み立てPCを扱っているの？」――。こうした疑問を持つ一般ユーザに向けて、大手家電量販店のエディオンは7月15日から21...
これは便利！ソフバン、LINEで「データ通信量」などが確認できるように,"こんにちは、yumiです。
キャリアのマイページや公式アプリから確認できるデータ通信量。わざわざマイページにアクセスするのも面倒だし、..."
Googleの多様性を否定したエンジニア、即刻解雇される,"Image: achinthamb / Shutterstock.com
多様性に対し真剣と見るか、聞く耳持たない独善性と見るか。
2..."
NECの量産型衛星を公開 新興国への売り込み狙う,"動画を見る（元記事へ）　NECが開発を進める量産型の小型衛星が初めて公開されました。

　NECの地球観測衛星「ASNARO－2」は、..."
全自動トイレ、ルームランナー、ニャンともすごい機能が満載の猫用IoT家電,"世界的な猫ブームの加熱により、国内外から猫用のIoT家電や、ハイテク商品が続々と登場。猫が喜ぶ次世代機能をチェックしていこう！

　ペ..."
1ボタンで音声アシスタント起動、片耳タイプのBluetoothヘッドセット,バッファローは9日、Bluetooth 4.1に対応する片耳タイプのヘッドセット「BSHSBE200」シリーズを発表した。ブラック /...
スマホから操作できる家電リモコン「sRemo」が機能アップ,sRemo 　SOCINNOは8月9日、スマホを用いた家電操作リモコン「sRemo（エスリモ）」アプリをアップデート、タイマー設定や連...
東武鉄道、MAMORIOを活用した忘れ物自動通知サービス試験運用開始,東武鉄道×MAMORIO「お忘れ物自動通知サービス」 　東武鉄道は8月9日、東武線内において忘れ物防止タグMAMORIO（マモリオ）を...
フォーム作成のformrun、YouTubeやGoogle Mapsの埋め込みに対応,mixtapeは8月9日、サポートチームのためのコンタクト管理ツール「formrun」にInstagramやYouTube、Googl...
光と闇の表現が芸術的なピクセルアートが必見の育成ゲーム「マジョのシマ」,普段は「あぷまがどっとねっと」という、主に個人／小規模開発のiPhoneアプリを紹介するブログを誰にも気づかれることなく更新させていた...
iOS・macOS・tvOSのパブリックベータ4を配信開始,アップルは8月8日、近々公開予定となる「iOS 11」、「tvOS 11」、「macOS High Sierra」のパブリックベータ4...
ドコモ、高度8700mとも高速Wi-Fiがつながる地対空通信の実証実験に成功,"イメージ
株式会社NTTドコモは8日、国立研究開発法人 海上・港湾・航空技術研究所 電子航法研究所（ENRI）、全日本空輸株式会社（A..."
タフネスモデル見参。耐衝撃性も備えた「Galaxy S8 Active」正式発表,"Image: Samsung
ただし、海外向け。
Samsung（サムスン）は2017年8月7日（現地時間）、防水・防塵・耐衝撃性能を..."
障害者を補助する外骨格に「Alexa」統合、 音声コマンドで操作可能に。米ロボット企業が開発,障害を持つ人向けにリハビリ用ロボットを開発しているBionik Laboratoriesが、臨床試験中の下肢障害者向け外骨格ARKEに...
Apple Storeが京都にできる？Appleがスタッフの募集を開始,"こんにちは、yumiです。
現在、日本国内に7店舗あるApple Storeですが、近いうちに8店舗目ができるかもしれません。
App..."
身体や自転車に巻きつけて使えるストリップ型ライト「BlinkLight」が驚くほど便利そう,"自転車に乗る人は、夜になると必ずライトが必要になる。また、曲がる時や停車する時には手信号を使う人もいることだろう。
海外ではこれらのこ..."
ソフトバンク版iPhoneで使える格安SIMが16日発売、ニーズはあるか,日本通信は、SIMロック解除なしでソフトバンク版iPhoneに使える音声通話対応SIM「b-mobile S スマホ電話SIM」を16...
LPixel、東大病院を主任研究施設とする診断支援ソフトの性能改善研究に参画,エルピクセル(以下 LPixel)は9日、東京大学医学部附属病院(以下 東大病院)を主任研究施設とする「各種診断支援ソフトウェアの学習...
ワイモバイルから必要な機能だけを搭載したシンプルケータイ『Simply』が登場,ソフトバンクおよびウィルコム沖縄は、「ワイモバイル」の新商品として、「The 電話」をコンセプトに開発した、シンプルで持ちやすく、使い...
47都道府県の美味しいすぐれもの 「ごはんのおとも」~北海道・東北篇~,全国各地、地元が誇る美味しいものを1品ずつご紹介。今回ピックアップするのは、白いごはんが進んで困る!?　お土産やお取り寄せでも人気が高...
カラくてウマくてクセになる味がローソンストア100に帰って来る！「100ナゲット カラムーチョ」再販決定,"大ヒット商品が帰ってきた。「100ナゲット　カラムーチョ　4個入（税込108円）」 

ローソンストア100は8月23日(水)より「カ..."
お弁当のプチおかずに☆レンジで簡単「ピーマンのごま和え」が便利♪,"ピーマンのごま和えでお弁当の隙間に彩りを
毎日のお弁当、彩りを良くするのに困っている方もいらっしゃるかと思います。そんな時に、使えるの..."
炊飯器より早くできる！ ダイソーのご飯一合炊きを試してみた,1人暮らしだと、ご飯を炊くにもそんなに多くは必要ないですよね？　そんな時におススメなのはダイソーで売られている「ご飯一合炊き」。炊飯器...
フラぺよりさっぱり飲める！ タリーズのフルーツドリンクが気になりすぎ,期間限定の商品もあり、冷たくて夏にもぴったりなスタバのフラペチーノ。おいしいけど、ちょっと別のドリンクも試してみたい。なんて人にオスス...
【8月10日〜15日限定】ハーゲンダッツのかき氷が無料でもらえる！ 外苑前の「ハーゲンダッツ サマーリゾート」 で毎日100個限定です,暑い、暑い、あつぅ～い！　というわけで、冷たいものが食べたくて食べたくて仕方がない今日このごろ。“ハーゲンダッツのかき氷” なんて、魅...
台湾発「ジ・アレイ」が表参道にオープン！フォトジェニックで話題のオーロラドリンクは味もおいしかった♡,台湾の人気ティースタンド「The Ally Lujiaoxiang（ジ・アレイ ルージャオシャン）」が、8月10日（木）、表参道に旗艦...
りんご飴の中からトロピカルフルーツのタルトが出現! ディズニーホテルの“夏祭り”贅沢ディナー,ディズニーアンバサダーホテルのカリフォルニア料理レストラン「エンパイア・グリル」では、東京ディズニーランド（TDL）のスペシャルイベン...
ダイエット中でも安心！ おつまみにもなるピリ辛こんにゃく料理5選,"「こんにゃくとねぎのピリ辛炒め」 レタスクラブニュースより プロ料理家：沼口ゆき　撮影：榎本修

さらっとした味わいとプルプルとした食..."
大ヒットの“瀬戸内レモン味”──ブームの火つけ役は当初、添え物扱いだった？,"スナック、飲料、麺類、たこ焼き、シュークリームなど続々登場する「瀬戸内レモン味」

このところ、レモン風味の食品が大ブームだ。
それも..."
デニーズ「ちょい飲みセット」は本当にオトクなのか？微妙な金額で頼む客はまばら,セブン＆アイ・フードシステムズが全国に約380店舗（2017年8月時点）を展開しているファミリーレストランチェーンのデニーズが、8月1...
【極秘】ラーメンの知られざる歴史と秘密9選を大発表！ 誰も知らない謎が判明か,今やカレーや寿司と並んで日本を代表する料理となった感のあるラーメン。もともとは中華料理だったことは誰もが知るところですが、長い歴史の中...
贅沢の極み！パリスイーツ界の巨匠が、あなたのお抱えパティシエになってくれる！,今春、「GINZA SIX」にオープンしたパティスリーブティック＆カフェ『フィリップ・コンティチーニ』から、スイーツラバー垂涎の夢のよ...
お盆休みの帰省に！GINZA SIXが厳選した、喜ばれること間違いなしのお土産はこれだ！,駅や空港で人気のお土産を購入するのも良いけれど、せっかくなら「GINZA SIX」がおすすめする、名だたる人気店のこだわりの洋菓子や和...
これぞ最高のリゾート感！恵比寿の駅直結のビアガーデンが楽しすぎる！,"「恵比寿の楽園」と評されるほどのオリエンタルな空間が出迎える
この時期、飲むならやっぱりビアガーデン。せっかくならいつもと違った雰囲気..."
【嫁さん評価★4】深夜のレスキューメシに！「コンビーフの三色丼」【今週は夏丼】,"嫁さん評価 ★★★★☆ 
「コンビーフってあまり食べないんだけどこれはいいわね！ ワサビ醤油ってこんなにコンビーフに合うんだわね、ビッ..."
9/1に新発売のdiorルージュオールリキッドを試してみたよ,岡島かれん9/1に新発売のディオールルージュオールリキッドを一足お先に使ってみたよ。24種類もあり、どれも綺麗な色なのでぜひ使ってみてね。
台湾発ティースタンド「THE ALLEY LUJIAOXIANG」が表参道にオープン！,2017年8月10日（木）、表参道に台湾発ティースタンド「THE ALLEY LUJIAOXIANG（ジ・アレイ ルージャオシャン）」...
8月10日は“ハーゲンダッツの日”！外苑前で1日100個の「ハーゲンシェイブ」を無料配布,8月10日（木）～8月15日（火）の期間中、外苑前のハーゲンダッツ夏季限定ショップ「Haagen-Dazs SUMMER RESORT...
「けやきひろば 秋のビール祭り」が今年も開催！国内外のクラフトビールが400種類以上大集結,日本最大級、国内外のクラフトビールが集まる祭典「けやきひろば 秋のビール祭り」が、さいたまスーパーアリーナにて開催されます。期間は20...
喜ばれること間違いナシ！ 中華街の定番みやげ「重慶飯店」の番餅(ばんぴん),"ズッシリした佇まい！でも味わいは驚くほど軽やか 

横浜中華街内にある四川料理の名店「重慶飯店」。そのみやげが一同にそろう、横浜中華街..."
横浜山手「えの木てい」のSNS映えNo.1！バラの形のマドレーヌ,"横浜市の花であるバラをモチーフにしている 

山手めぐりには欠かせない、横浜を代表する西洋館「えの木てい」。1階はティーサロン、2階が..."
「それがタダ？」「韓国のとは全然違う！」=韓国人が日本の旅館で感動したものとは？,9日、韓国のインターネット掲示板にこのほど、「湯布院の旅館がサービスで提供している牛乳」と題するスレッドが立ち、話題となっている。資料...
【鉄道メシ】東海道線&横須賀線を両脇で眺めつつ、冷た~い絶品ジェラートを【肥田牧場 アイス工房メーリア】,"祝・開業130周年！ 東海道本線
アツい夏の日差しを浴びて、特急「スーパービュー踊り子」がやってきました。

▲251系・特急「スーパ..."
横浜らしいパッケージ！山手「えの木てい」の横濱レモン,"情緒ある港町の風景に心躍るパッケージ 

山手の西洋館「えの木てい」は、横浜を代表する洋菓子店。昔から変わらぬレシピのスイーツを味わえ..."
「セントールの悩み」秋葉原の飲食店でコラボメニュー展開、学生証とバッジ配布,村山慶原作によるテレビアニメ「セントールの悩み」と、東京・秋葉原の飲食店5店によるコラボ企画「セントールの食卓 -Centaur's ...
【大分へ行こう！】超絶景！九重“夢”大吊橋から始まる、夏のハイウェイドライブ,"日本百名道にも選ばれる「やまなみハイウェイ」 

日本百名道にも選ばれる「やまなみハイウェイ」(県道11号)の近くには、夏にぴったりの..."
バウムクーヘンだけじゃない！湘南平塚「コンディトライ・バッハマン」の“隠れた”逸品,"酸味のきいたバタークリームが、コーヒー風味の生地にマッチ 

湘南平塚の洋菓子店「コンディトライ・バッハマン」。ドイツマイスターにも認..."
土日もOK！恵比寿の人気レストランが“美味しいとこどりのアジアンプレートランチ”をスタート♪,"夏は、酸味と辛みの効いたアジアンフードが無性に食べたくなりますよね？
アジア各国のお料理を、ゆったりとしたくつろぎ空間で味わえる恵比寿..."
まさにフォトジェニック！もらったらうれしい「重慶飯店」の 菊花酥(キッカス),"味わい深い中華あんを、パイで包み込む「菊花酥(キッカス)」(左)と「白花酥(パイファス)」(右) 

「工芸菓子」というものをご存じだ..."
新たなる健康食品「グリーンコーヒー」ってご存知？【インド】,"先日、南デリーにあるカフェで興味深いものを頂きました。「グリーンコーヒー」。緑茶の様な淡い緑色が美しいです。
これは、焙煎前のコーヒー..."
22日間限定！スタバ新作フラペ「スモア」はさっぱり新感覚な激うまチョコレートドリンク♪クリスピーマシュマロのサクサク感もたまらな~い！,"すべての動画・画像がある記事はこちら
スターバックス コーヒー各店（一部店舗をのぞく）で「スモア フラペチーノ -クリスピー マシュマ..."
家族みんなで自然体験♪周辺のおすすめスポットも！【関西中国四国】,いよいよ子どもが待ち望んだ夏休み！旅行計画は決まりましたか？そこで今回は、家族で自然体験ができるスポットとその周辺情報をご紹介いたしま...
調理師に聞いた。ゴーヤってどうして夏に食べるといいの？保存法は？【レシピあり】,ゴーヤと言えば、夏のイメージ。栄養価が高く、手軽に手に入れることができるのは旬である7～9月ということで、今がまさに旬。でもなんで夏に...
【大注目の1位は!?】帰省の手みやげの参考に！ 東京駅の手みやげ人気ランキングトップ10！【5位〜1位編】,今年も帰省シーズン到来!!!　ということで、【東京駅手みやげ人気ランキング】を発表中♬　昨日は10位〜6位をご紹介しました。そして本日...
元祖、進化系レモンサワーを楽しめる名店6選,"甲類焼酎とレモンと炭酸というシンプルな元祖店から、凍結レモン使用やジンを使った進化系店まで、今飲んでおくべき極旨レモンサワーを紹介！
..."
肉フェスも開催！YONA YONA BEER GARDEN【アークヒルズ】,アークヒルズ アーク・カラヤン広場（東京都港区）では、9 月 3 日(日)まで期間限定で、ヤッホ ーブルーイング社の人気クラフトビール...
【ゼラチン不要】片栗粉でぷるぷる「ミルクプリン風スイーツ」ができた！,"ごはん作りの合間にもさっとできる！
家にある材料でさっと美味しいスイーツを作れたら幸せですよね。暑い季節にぷるぷるで冷たいミルクプリン..."
限定メニューが気になる！「J.S. PANCAKE CAFE 渋谷店」オープン--可愛い「パンケーキカップ」など,"すべての動画・画像がある記事はこちら
アパレルブランド「JOURNAL STANDARD（ジャーナル スタンダード）」が提案するパンケ..."
【奈良】個室でゆったりとランチを頂けるお店8選,日本を代表する古都、奈良。そんな奈良県で、個室席があってゆったりとランチできるお店を8店まとめました。大和野菜を堪能できる郷土料理屋さ...
元祖、進化系レモンサワーを楽しめる名店6選,"甲類焼酎とレモンと炭酸というシンプルな元祖店から、凍結レモン使用やジンを使った進化系店まで、今飲んでおくべき極旨レモンサワーを紹介！
..."
肉フェスも開催！YONA YONA BEER GARDEN【アークヒルズ】,アークヒルズ アーク・カラヤン広場（東京都港区）では、9 月 3 日(日)まで期間限定で、ヤッホ ーブルーイング社の人気クラフトビール...
【ゼラチン不要】片栗粉でぷるぷる「ミルクプリン風スイーツ」ができた！,"ごはん作りの合間にもさっとできる！
家にある材料でさっと美味しいスイーツを作れたら幸せですよね。暑い季節にぷるぷるで冷たいミルクプリン..."
限定メニューが気になる！「J.S. PANCAKE CAFE 渋谷店」オープン--可愛い「パンケーキカップ」など,"すべての動画・画像がある記事はこちら
アパレルブランド「JOURNAL STANDARD（ジャーナル スタンダード）」が提案するパンケ..."
【奈良】個室でゆったりとランチを頂けるお店8選,日本を代表する古都、奈良。そんな奈良県で、個室席があってゆったりとランチできるお店を8店まとめました。大和野菜を堪能できる郷土料理屋さ...
ボリューム満点♡とろ〜り半熟目玉焼きおにぎらず,たまごソムリエ友加里豚の角煮と目玉焼きでボリューム満点！見た目もGOOD！！とっても簡単です！
【みんな大好き！懐かしの味】「メロンソーダ」のレシピいろいろ,"「メロンソーダ」の味をお家で再現しよう！

鮮やかなグリーンがきれいな「メロンソーダ」。炭酸がしゅわっときいてスッキリ飲めるので暑い夏..."
夜はまだまだ長~い！金沢で深夜営業しているラーメン店8選,加賀百万石の城下町、金沢市。風情ある街並みも魅力ですが、海にも山にも近い金沢市の最大の魅力は、新鮮で品質の高い食材が生み出す「食」です...
岡山・広島・山口旅行に使える！山陽道・岡山道のサービスエリア爆売れグルメ,帰省や旅行などで、車でのお出かけが多くなる夏休み。せっかくなら、道中も楽しく過ごしたいもの。そこで、旅の行き帰りに立ち寄れる、サービス...
8月10日はハーゲンダッツの日！ハーゲンシェイブがこの日から数量限定で無料配布,ハーゲンダッツ ジャパンの創業日である8月10日が「ハーゲンダッツの日」として、一般社団法人日本記念日協会より正式に登録された。これを...
【神戸】おしゃれに贅沢に♪元町・ハーバーランド周辺のおすすめランチ8選,おしゃれな雰囲気漂う港町、元町。たまには贅沢に、友達や家族と洗練されたおしゃれな空間でランチをするのはいかがでしょうか？地産地消のこだ...
シャキシャキ食感が癖になる！「ピーマン肉だんご」,"ピーマンが大きな袋に入って、お買い得で手に入る時期！
いつもと少し違うおつまみを考えてみようと思いました。
ピーマンの肉詰め！詰めるの..."
＜中国人観光客が見た日本＞日本で最高のラーメンを探し求めるのはなんて幸せなんだろう,"日本を旅行した中国人がこのほど、最高のラーメンを探し求めた時の思い出をブログにつづっている。
日本を旅行した中国人がこのほど、最高のラ..."
8/16スタート！ 地元産の肉まつりにちょっと変わったレースも？ 北海道夏イベントまとめ,"浦河の町を盛り上げる夏の恒例イベント 

今週行きたい北海道の夏イベントは、肉まつりに、地元特産グルメをとことん味わえるイベントなどな..."
【バターが決め手】「うずらの味玉」がフライパン2分でできちゃった♪,"疲れた日のおつまみに
疲れて帰った日、家について真っ先に向かうのは冷蔵庫、ですよね。冷蔵庫には冷えたビールが帰りを待っているはずです。..."
ミニストップに「ドロリッチソフトフロート」が帰ってきた！より濃厚でクリーミーに,"すべての動画・画像がある記事はこちら
ミニストップ各店で、人気の「ソフトクリーム バニラ」と江崎グリコの「ドロリッチ」を組み合わせた「..."
【期間限定】パルテノの新作「キウイソース入り」がサッパリしてて超絶ウマイ,おいしい……だけでなく、体にも、いいーっ!!　……なヨーグルトと言えば、『濃密ギリシャヨーグルト パルテノ』シリーズであるが、さきほど...
国内初のガンプラ総合施設「ガンダムベース東京」が8月19日にオープン,ダイバーシティ東京に、国内初の「ガンプラ」を主体とした総合施設「THE GUNDAM BASE TOKYO(ガンダムベース東京)」が8...
【大阪】ビジネス街でほっと一息♪北浜のおすすめカフェ8選,大阪証券取引所や企業が多数あることから、ビジネスの中心地として有名な大阪市北浜エリア。実は趣のあるレトロな建物や、のどかな川沿いに面し...
秋葉原でブルーボトルコーヒーが飲める！ マーチエキュート神田万世橋『BLUE BOTTLE COFFEE POP UP STORE』期間限定オープン,"秋葉原のコーヒー好きの人にうれしいニュース。
商業施設『マーチエキュート神田万世橋』にて、2017年8月11日（金） から9月18日（..."
マツコ悶絶！蒸しパンからパスタまで★絶品チョコミント~マツコの知らない世界から~,さわやかな味わいが、夏にピッタリなチョコミント。8月8日（火）放映の人気番組「マツコの知らない世界」（TBS系）では、チョコミントを愛...
チェコやベルギーのビールが集結！「王国のビアフェスト」日比谷公園で初開催--オペラやベリーダンスも,"すべての動画・画像がある記事はこちら
世界の王国で愛されてきたビールとグルメが一堂に集まる祭典「王国のビアフェスト」が、8月10～20..."
羽鳥慎一アナ&宇賀なつみアナ“限定メニュー”登場 六本木ヒルズの「水上ビアガーデン」で上質なひととき,2014年から毎年行われている「テレビ朝日・六本木ヒルズ 夏祭り SUMMER STATION」が今年も7月15日から開催中だ。これは...
立ち食いそば散歩 (73) たまねぎ天は偉大だ! 品川「街道めん工房」で朝にピッタリの優しい甘さを,品川区の「街道めん工房」に行ってきた。最寄りは京急線「北品川」駅。北品川なのに、品川駅の南にある。調べてみると、どうやら旧東海道・品川...
【かき氷】この夏絶対食べたい、絶品かき氷！韓国&台湾編♬,"こんにちは、No.590 しおりーぬです。

前回は、日本のグルメかき氷をご紹介しましたが、今回は韓国と台湾のかき氷をご紹介します！
..."
ケンタッキー「あら挽き黒胡椒チキン」胡椒&ガーリックのダブルパンチ,ケンタッキーフライドチキンは新辛口チキン「あら挽き黒胡椒チキン」を8月18日から発売します。1ピース270円。　胡椒＆ガーリックのダブ...
「川崎オクトーバーフェスト2017」開催! 本場のドイツビール20種類が大集合,複合商業施設 ラ チッタデッラ(川崎市)は「今年の夏はチッタでビール三昧!」というテーマのもと、8月10日～13日まで「川崎オクトーバ...
京都が誇る有形文化財の老舗喫茶★「フランソア喫茶室」の極上レアチーズ【河原町】,高瀬川沿いの清廉な空気感のなか時代を超えて愛される有形文化財指定のフランソア喫茶室。紙面わ飾ることも多い、レアチーズケーキとコーヒー。...
暑い夏には「冷やしスープおにぎり」はいかが？,ラフォーレ原宿（東京・渋谷区）の2階にある「onigiri stand Gyu！」で、暑い夏にピッタリの「冷やしスープおにぎり イタリ...
「神戸牛のビフカツサンド」期間限定で販売 JR発足30周年記念,セブン‐イレブン・ジャパンと共同開発　JR西日本エリア駅構内で直営店舗の企画や開発などを手掛けるジェイアール西日本デイリーサービスネッ...
おひとり様専用の「直火ラーメン鍋」 そのまま食べても恥ずかしくない,"ホームセンター業界最大手のDCMは、1人用の鍋「DCMブランド 直火ラーメン鍋」を2017年8月21日に発売する。
出来立てをそのまま..."
横浜駅周辺でおしゃれにイタリアンランチ！おすすめの店8選,東京と並んでおしゃれな街として有名なのが「横浜」です。中華街など観光スポットも多い横浜で、横浜観光の起点となる横浜駅周辺には、おしゃれ...
新発売のコンビニ惣菜：セブン「おつまみガーリックシュリンプ」ほか,今週発売の惣菜情報をお届けします。  注目惣菜       セブン-イレブン　おつまみガーリックシュリンプ  2017/8/8発売  ...
BBQの達人が直伝！ 野菜が極甘になる焼き方,"中西哲生と高橋万里恵がパーソナリティをつとめるTOKYO FMの番組「クロノス」。
8月7日（月）の放送では、「追跡カゴメプレゼンツベ..."
ニラの香りが働く男子を救う！「自作すた丼」で明日のスタミナ補給【今週は夏丼】,"こんにちは、料理研究家のエダジュンです。
8月に入って、何もしなくても汗がダラダラと……。家に帰ったらもうグッタリ、そんな日がありませ..."
アレッサンドロ・ミケーレ初監修！ グッチから新フレグランス「ブルーム」がデビュー,【SPUR Eye】アレッサンドロ・ミケーレが手がけた話題のフレグランスがついに登場！ 陶磁器を愛するミケーレらしいこだわりのパッケー...
あの肉パフェが再び！好評につき第2弾ポップアップイベントが開催決定,MLA豪州食肉家畜生産者事業団（本社：オーストラリア、シドニー）は、8月2日から13日までの約2週間、グランフロント大阪うめきた広場サ...
チーズたっぷり、つぶあんとこしあん？ミニストップから個性的な中華まんが発売,"定番の美味しさ「肉まん」 

ミニストップ株式会社は、秋・冬の人気商品「中華まん」を、8月11日(金)より順次、国内のミニストップ店舗..."
揚げずにコロッケ気分！「肉巻きポテトボール」がホク旨〜♪,響きだけで美味しさを感じる料理ってありますよね。今回ご紹介する料理もそのひとつ。「ポテトチーズボールの豚こま巻き」というじゃがいもをお...
京都勝牛、ピリリと辛い新メニュー「牛カツ肉味噌冷やし坦々うどん」発売,"牛カツ専門店「京都勝牛」は8月10日、夏限定の新メニューとして「牛カツ肉味噌冷やし坦々うどん」(税別1,180円)を発売する。旨味の詰..."
ハロウィン女子会にピッタリ！キャピトルホテル東急の限定スイーツがユーモラス&フォトジェニック,"東京・千代田区のザ・キャピトルホテル東急に、ハロウィンを盛り上げるユーモラスでキュートな限定スイーツが登場します♪
 キャピトルホテル..."
ちょっと背伸びのおもてなし！フルーツを使った華やかレシピまとめ,"フルーツの甘ずっぱさがおいしい♡【サラダ】
 

ワインにもピッタリ！パイナップルと生ハム・チーズのサラダ


まずはパイナップルがお..."
人力舎芸人・前田あつし、料理ブログ更新中 「見た目が微妙」「おつまみ」等,"お笑いコンビ・虹色カルトンの前田あつしが、自身のブログで「見た目が微妙な料理」を公開している。

虹色カルトンは、元地方銀行員の前田と..."
セブン-イレブンが早くも今年の“おでん”を発売開始へ！,セブン-イレブン・ジャパンは8月9日、具材の“味しみ”と“つゆ絡み”にこだわった2017年度の「おでん」を発売すると発表した。全国のセ...
ファミマのサラダチキンが「RIZAP」とコラボ 糖質0グラムを実現,"体型を気にする人に人気のファミリーマートの「サラダチキン」が、ついに「RIZAP」とコラボする。
2017年8月8日から、糖質0グラム..."
白米もお酒も止まらない！広島空港でお勧めの広島土産はもみじ饅頭だけじゃない！,低価格で美味しいものが多い広島県。お土産の種類も多種多様で、何にしようか迷う方も多いはず。「最後まで観光に集中し、出発の2時間前に空港...
英米でもクラフトビール人気高まる カールスバーグなどが「職人メーカー」買収,英国で「クラフトビール」、いわゆる「職人による手作りビール」の売上が市場の9%に達するなど、従来のビール会社を徐々に追い上げている。A...
福岡の天神ならではの味を堪能しよう！おすすめのランチ8選,九州の玄関口として、また九州最大の繁華街として有名なのが、福岡県福岡市です。福岡市は川を挟んで「天神」と「博多」に分かれていて、それぞ...
簡単につくれる！カレーペースト不要の「タイ風カレー」,暑い夏にはカレーが頻繁に食卓に上がるご家庭も多いはず。家庭の味や本格インドカレーなどもいいですが、時にはタイ風カレーはいかがですか？ほ...
NY生まれのハイボールを飲みながら流行りのNYヘアスタイルに！？本格スコッチウイスキー「デュワーズ」が 男性ヘアカットモデルを募集,バカルディジャパン株式会社が輸入し、サッポロビール株式会社が販売する本格スコッチウイスキー「デュワーズ」は、ニューヨーク(NY)で生ま...
コレド室町で手に入る！レストラン「茅乃舎」発の“こだわり出汁”に注目,"福岡県発のダシと調味料の専門店「茅乃舎」 

手みやげといえば、旬のスイーツや老舗の菓子が頭に浮かぶ。ちょっとマンネリ化してきたら、レ..."
【関西の中華】次のブームフード!?刺激的な「しびれ系」麻婆豆腐の新店4選,"「四川麻婆豆腐」(1080円)。食べ進めるたびにごろごろ入った大粒の山椒がはじける/四川と小吃 奏煖 

“マー活”という言葉も生まれ..."
帰省シーズンに！東京駅の新作“夏の手土産”5選,"さっぱりレモン味に焼き上げた「ガレットリモーネ」(1188円～)/ ヌフヌフ 

様々なお土産・スイーツショップが並ぶ東京駅エリア。今..."
幕末維新の味、徳川将軍がもてなした料理を大阪都ホテルで堪能しよう,"シェラトン都ホテル大阪「徳川慶喜がもてなしたフランス料理」 

シェラトン都ホテル大阪は9月1日(金)～10月31日(火)の期間、 レ..."
SNS映えも抜群！フルーツティーにぴったりのグラスセット,涼しげなグラスに冷たい飲み物を入れてもてなす真夏のおもてなし。そんな日にぴったりのグラスセットが7月26日(水)にドイツのクリスタルウ...
秋の味覚がつまったスイーツ“球体モンブラン”が気になる,"開業25周年を記念した球体モンブラン「Chataigne(シャテーニュ)」 

ホテル阪急インターナショナルは、9月1日(金) ～10..."
「Valentino Garavani」ロックスタッズ スパイクの新作イベント開催,北京、NY、上海、香港などワールドワイドで開催されるポップアップショップでは、“ロックスタッズ スパイク”バッグの新色をラインナップ。...
暑さに勝つにはスパイシーな味付け！：みんなが食べたい！ 最新コンビニ弁当ランキング,食品クチコミサイト「もぐナビ」で、注目度の高かったコンビニ弁当をランキング形式で紹介する「最新コンビニ弁当ランキング」。 みんなの“気...
チョコレートごはんに皮付きアボカド！衝撃のメキシコ料理を食す！,メキシコでは一体どんなものを食べるのか？ さすが地球のほぼ裏側、日本の常識が全く通用しない世界!! 見たことのない食文化の扉を開ける―...
ドレモルタオ「まるごと白桃レアチーズ」登場！ジューシーな旬の白桃をまるごと1個使った贅沢なレアチーズケーキをイメージ！,"動画・画像が表示されない時はこちら
「まるごと白桃レアチーズ」がドレモルタオで販売されている。価格は1,600円（税別、以下同じ）、ド..."
