美内すずえ,本人,2,万,作品,解説,オカルト,3,収録,黒,書,マンガ,すごい,comics,鬼,妃,伝,美内すずえ,セレクション,黒,書,8,12,発売,マンガ,すごい
コード,ブルー,浅利陽介,落語,始める,30,なる,俳優,浅利陽介,ヒット,フジテレビ,月９,ドラマ,コード,ブルー,ドクターヘリ,緊急,救命,レギュラー,出演,俳優,浅利
クワバタオハラ,小原,次男,ヘルパンギーナ,喉,つら,熱,下がら,クワバタオハラ,小原正子,クワバタオハラ,小原正子,４１,９,更新,公式,ブログ,８,次男,誠八,発熱,ヘルパンギ
ヴィッキー,チャオ,恋い焦がれ,ホアン,シャオミン,成就,理由,母親,語る,中国,8,過去,結婚,期待,ホアン,シャオミン,ヴィッキー,チャオ,つい,ホアン,シャオミン,母親,うまく,いか,理由,語っ
西尾維新,キャラ,大集合,4,マンガ,青春,奇人,伝,240,学園,1,西尾維新,原案,よる,柴,もち,青春,奇人,伝,240,学園,1,本日,8,9,発売,青春,奇人,伝,240,学園,1,別冊,少年,マガジン
メッシ,スカルプ,新,CM,登場,日本語,ダジャレ,披露,総合,演出,テリー,伊藤,アンファー,株式会社,9,バルセロナ,所属,アルゼンチン,代表,FW,リオネル,メッシ,起用,スカルプ,シリーズ,スカルプ,ネクスト
日清食品,復刻,販売,ラ王,焼そば,巨大,アスキー,アート,公開,2,万,商品,紹介文,日清,ラ王,発売,25,記念,このほど,復刻,商品,販売,スタート,ラ王,焼そば,魅力,2,万,表現,アスキー,アート
リアーナ,地元,カーニバル,ハイレグ,セクシー,衣装,披露,元カレ,クリス,ガン,見,歌姫,リアーナ,母国,バルバドス,カーニバル,クロップ,オーバー,クライマックス,飾る,パレード,参加,きらびやか,衣装,身,つけ,む
注目,次世代,モデル,ミーガン,ウィリアムズ,ラブ,SEX,特集,大胆,ランジェリー,披露,ミーガン,ウィリアムズ,モデル,プレス,8,9,ランジェリー,ブランド,Victoria’s,Secret,ヴィクトリアズ,シークレッ
アーロン,カーター,女性,恋人,破局,バイセクシュアル,理解,破産,申請,病気,食道,裂孔,ヘルニア,摂食,障害,マリファナ,所持,逮捕,続き,昔,男,女,魅力,感じる,突然,バイセク
山﨑,賢人,サプライズ,女子高,訪問,出典,Nosh,見た目,100,若手,イケメン,俳優,山﨑,賢人,野菜,先生,し,都内,女子高,サプライズ,訪問,思い出,お弁当
My,Hair,is,Bad,全国,2,マン,ツアー,ミラクル,ホームラン,ツアー,対,バン,解禁,注目,ラインナップ,し,キュウソネコカミ,9,mm,Parabellum,Bullet,Creepy,Nuts,サンボマスター,ス
風,ロック,芋煮会,タイムテーブル,発表,9,9,（土）,9,10,（日）,福島県,白河市,しらさか,森,スポーツ,公園,開催,風,ロック,芋煮会,2017,KAZETOROCK
タイタン,情報,誌,号外,爆笑問題,特集,来年,迎える,デビュー,30,思い,語る,タイタン,情報,誌,号外,3,爆笑問題,大特集,芸能,事務所,タイタン,発行,情報,誌,号外,3,事務所,顔,爆笑問題
サンリオ,ピューロランド,夏祭り,子,デート,でき,ぼく,まめ,ぷち,プリン,みそ,夏バテ,ぶろぐ,書く,しんどい,言っ,ぼく,代わり,書く,こ
やけのはら,ノスタルジック,サマー,チューン,収め,コラボ,7,inchY,やけのはら,コラボ,し,アナログ,7,inch,シングル,みんな,なつ,だいじょうぶ,本日,8,9,リリース
ドラマ,ダーク,タワー,ショー,ランナー,ウォーキング,デッド,スタッフ,スティーヴン,キング,原作,ダーク,タワー,映画,The,Dark,Tower,原題,8,4,（金）,全米,公開,映画
橋本マナミ,写真,イベント,まさか,内容,写真,国民的,愛人,キャッチフレーズ,親しま,タレント,橋本マナミ,最新,写真
ますおか,岡田,芸能,義塾,大学,講師,ウケる,スベり,術,伝授,ますだおかだ,岡田,明日,8,10,（木）,AbemaTV,生配信,バラエティ,番組,芸能,義塾,大学,講師,し,出演,AbemaTV
奇跡,一枚,話題,沸騰,あかり,どんな,子,本当,可愛い,素顔,迫る,AAA,後輩,し,活躍,今,過酷,合宿,生活,語る,モデル,プレス,インタビュー,あかり,モデル,プレス,8,9,奇跡,一枚,―――,一枚,写真,ネット,話題,なる,その子,注目,浴びる
フジ,有吉弘行,ダレトク,ぐるナイ,はね,トビ,とき,有吉,松本人志,著書,松本,朝日新聞社,テレビ,バラエティー,番組,新しい,こと,やろ,し,過去,何か,似
嵐,亀裂,櫻井翔,孤立,本格,画,彩,賀,ゆう,じつ,嵐,櫻井翔,松本潤,関係,決定的,悪化,関連,スキャンダル,続く,嵐,空気,険悪,分
千鳥,大悟,さんま,飲み会,嘆く,緊張感,ボロボロ,千鳥,大悟,さんま,飲み会,嘆く,緊張感,ボロボロ,８,１,放送,踊る,さんま,御殿,日本テレビ,千鳥,大悟,３７
妊娠,道端ジェシカ,ヌー,ディ,下着姿,インスタ,公開,sirabee,com,写真,公式,インスタグラム,スクリーン,ショット,7,一,妊娠,報告,モデル,道端ジェシカ,32,公式
映画,ベスト,キッド,30,時,経,YouTube,Red,復活,主役,演じ,ラルフ,マッチオ,復活,ダニエル,ミスターミヤーギ,二言,き,方,40,確定,これ,1984,94,4,公開,映
RIZE,アメコミ,ヒーロー,キャラクター,アルバム,アート,ワーク,解禁,RIZE,9,6,（水）,リリース,アルバム,THUNDERBOLT,帰っ,サンダーボルト,ビジュアル,アート,ワーク,解
ZEN-LA-ROCK,マジボ,炭酸,飲料,CM,キャラ,コラボ,曲,MV,公開,ZEN-LA-ROCK,新曲,MAGiC,SUMMER,feat,MAGiC,BOYZ,ミュージック,ビデオ,YouTube,公開
松崎しげる,主催,黒,フェス,2017,ときめき,宣伝,Iris,出演,決定,9,6,（水）,東京,豊洲,PIT,開催,松崎しげる,プレゼンツ,黒,フェス,2017,白黒,歌合戦,追加,出演者,発表
キャリア,15,bacho,海岸線,夢,破れ,bacho,8,16,シングル,陽炎,リリース,今作,夢,破れ,ミュージック,ビデオ,YouTube,公開,bacho
岡山,STARS,ON,17,2,cero,ネバヤン,10,8,岡山,中世,夢,原,開催,野外,フェスティバル,STARS,ON,17,出演,アーティスト,2,発表,STARS
RIZE,THUNDERBOLT,帰っ,サンダーボルト,ビジュアル,アメコミ,RIZE,9,6,8,th,アルバム,THUNDERBOLT,帰っ,サンダーボルト,リリース,今作,アート,ワーク,新た,アーテ
Juice,Juice,GW,中野,サンプラザ,単独,公演,映像,Juice,Juice,ライブ,DVD,Blu-ray,Juice,Juice,LIVE,AROUND,2017,NEXT,ONE
ROTH,BART,BARON,UK,プロジェクト,1,音源,リリース,UK,デビュー,向け,クラウド,ファンディング,サイト,CAMPFIRE,資金,募り,ロンドン,飛び立っ,ROTH,BART,BARON,彼
RIZE,アメコミ,ヒーロー,変身,RIZE,9,6,リリース,8,オリジナル,アルバム,THUNDERBOLT,帰っ,サンダーボルト,アート,ワーク,解禁
指原莉乃,わたし,思っ,HKT,こと,シングル,10,1,報告,HKT,48,指原莉乃,8,2017,8,ツイッター,更新,HKT,48,10,シングル,キス,待つ,ない,オ
指原莉乃,プロデュース,LOVE,代アニ,学生,よる,ロゴ,決定,指原莉乃,プロデュース,声優,アイドル,LOVE,ロゴ,デザイン,決定,発表,LOVE,イコール,ラブ,8,5,TIF,20
動画,同級,アニメ,11,ニコ生,一挙,配信,School,Days,あれ,猛暑,余裕,動画,本格,始動,2007,テレビ,放送,アニメ,11,8,15,生放送,全話,一挙,配信,こと,発表
CS,西村昭五郎,監督,追悼,放送,決定,日活,運営,ＣＳ,映画,チャンネル,映画,チャンネル,ＮＥＣＯ,１,肺炎,ため,死去,映画,監督,西村昭五郎,享年,８７,監督,務め
ハイキュー,くじ,各校,キャラ,秋,味覚,描き,グッズ,登場,コンビニエンス,ストア,書店,ホビー,ショップ,中心,展開,ハズレ,キャラクター,くじ,くじ,くじ,ハイキ
ノンスタ,石田,首,大丈夫,むち打ち,コロ,チキ,ナダル,怪我,思っ,お笑い,コンビ,NON,STYLE,石田明,9,2017,8,ツイッター,更新,お笑い,コンビ,チキチキ,ペッパーズ,ナダ
欅坂,46,長濱,自分,使命,長崎,原爆,日,思い,馳せる,長濱,モデル,プレス,8,9,欅坂,46,長濱,ねる,9,自身,オフィシャル,ブログ,更新,地元,長崎県,原爆,投下,7
神木隆之介,吉沢亮,参加,HANDSOME,FILM,FESTIVAL,2017,開催,新た,試み,芸能,事務所,アミューズ,所属,若手,俳優,よる,ファン,感謝,HANDSOME,FILM,FESTIVAL,2017,12,25,27
CNBLUE,ヨンファ,日本,2,nd,ソロ,アルバム,発売,記念,今夜,LINE,LIVE,生配信,ジョン,ヨンファ,CNBLUE,日本,2,nd,ソロ,アルバム,Summer,Calling,日,8,9,リリース,ジョン,ヨンファ
クズ,教師,教え子,殺し屋,心得,学ぶ,TALI,ババ,ババ,バディ,1,TALI,ババ,ババ,バディ,1,本日,8,9,発売,ババ,ババ,バディ,1,すべて,写真,見る,36,月刊,コミック
ブルゾン,ちえみ,誕生,祝福,感謝,1,しんどかっ,辞め,良かっ,お笑い,タレント,ブルゾン,ちえみ,２７,８,更新,ブログ,今月,３,誕生,盛大,祝福,こと,感謝,１,シン
乃木坂,46,白石麻衣,堀未央奈,ぶっ飛ばし,ワンダー,ウーマン,プレミア,8,25,（金）,公開,ワンダー,ウーマン,ジャパン,プレミア,開催,パティ,ジェンキンス,監督,チャールズ,ローブン,プロデューサー
キスマイ,横尾,全国,8,解体,免許,取得者,人気,アイドル,グループ,Kis-My-Ft,2,横尾渉,31,全国,7,い,マグロ,解体,1,試験,合格,こと,8,夜,放送
夏,女王,Cheeky,Parade,フェス,ハイ,テンション,大暴れ,東京,お台場,周辺,3,わたっ,開催,大型,アイドル,フェス,Tokyo,Idol,Festival,2017,お台場,開催
歌,マクロス,バサラ,ミレーヌ,9,アップデート,登場,シェリル,水着,イベント,実施,歌,マクロス,バサラ,ミレーヌ,9,アップデート,登場,シェリル,水着,イベント,実施,画像,見る,ディー,エヌ,エー,スマート
JY,知英,新曲,Goldmine,配信,リリース,皆さん,びっくり,姿,想像,し,好き,人,いる,こと,女子,モドキ,話題,曲,発表,関連,動画,再生,回数,"4,000",万,超える,ソロ,活動,1,半,し,多く,注目
スダンナユズユリー,原宿,竹下通り,リスト,バンド,連日,配布,スダンナユズユリー,本日,8,9,ニュー,シングル,CALL,ME,NOW,リリース,これ,本日,東京,原宿,竹下通り,彼女
Chicago,Poodle,1,可能性,探っ,アルバム,3,アルバム,袖,振り合う,多生の縁,らし,進化,深化,日本,ポップス,ぎっしり,Chicago,Poodle
レコーディング,体験,民生,な,部屋,奥田民生,なり,展,開催,決定,奥田民生,スポット,当て,展覧会,奥田民生,なり,展,9,14,（木）,東京,パルコ,ミュージアム,開催,奥田,民
ジャッキー,道頓堀,映画,PR,ネタ,披露,映画,ＰＲ,し,ジャッキー,撮影,松浦,隆司,ジャッキー,大阪,ミナミ,道頓堀,現れ,ジャッキー,チェン,モノマネ,知ら
生駒里奈,毛利衛,憧れ,人,発言,主演,舞台,ゲネプロ,終え,生駒里奈,左,３,矢崎広,２,左,毛利,亘宏,右,毛利衛,撮影,横山,慧,乃木坂,４６,生駒
元,あいのり,桃,美容,整形,決意,10,決断,親族,寄せ,反応,人気番組,あいのり,出演,人気,ブロガー,桃,もも,32,決心,10,かかっ,いう,美容,整形,踏み切る
桐谷美玲,ハワイ,満喫,ショット,反響,絵,なり,桐谷美玲,モデル,プレス,8,9,女優,桐谷美玲,9,自身,Instagram,ハワイ,バカンス,満喫,姿,披露
46,2,妊娠,加藤,陣痛,タクシー,入院,3,2,妊娠,報告,女優,加藤貴子,46,出血,ため,入院,2,めど,帝王切開,出産,予定,こと,分かっ,8,深
SA,ニュー,シングル,MY,ONLY,LONELY,WAR,アート,ワーク,公開,SA,9,6,リリース,ニュー,シングル,MY,ONLY,LONELY,WAR,キー,ビジュアル,ジャケット,アート,ワーク,公開
May,ウォルト,ディズニー,スタジオ,ディ,センダント,ソフィア,カーソン,会う,May,前作,Imperfection,3,8,オリジナル,アルバム,収める,新曲,レコーディング,撮影,ため,アメ
星野源,オールナイトニッポン,2,生演奏,スタジオ,ライブ,星野源,8,22,（火）,深夜,放送,ニッポン放送,星野源,オールナイトニッポン,2,生演奏,星野源,Live,Tour,2017
中継,予告,東京都,小池,知事,定例,会見,2017,8,10,東京都,小池百合子,知事,10,午後,2,都庁,定例,会見,行う,写真,会見,小池,都,知事,2017,8,4,撮影
梅沢富美男,RIZAP,CM,決定,バイキング,生,公表,梅沢富美男,撮影,竹内,みちまろ,以前,発言,過激,CM,出演,本数,0,不満,口,し,梅沢富美男,9,放送
OP,耐久,企画,実施,AbemaTV,ごちうさ,1,2,一挙,放送,決定,Koi,芳文社,ご注文,製作,委員会,Koi,芳文社,ご注文,製作,委員会,画像,見る,AbemaTV
アリカ,謎,格闘,ゲーム,タイトル,未定,アレン,スナイダー,参戦,アリカ,謎,格闘,ゲーム,タイトル,未定,アレン,スナイダー,参戦,アリカ,Evo,2017,電撃,発表,PS,4,新作,謎,格
夏,オススメ,カンナ,渡辺直美,ビタミン,カラー,使い方,ファッション,チェック,連載,渡辺直美,演じる,カンナ,全力,育児,仕事,両立,挑む,カンナ,TBS,深谷かほる,人気,コミック,渡辺直美,主演,ドラ
My,Hair,is,Bad,ツアー,テナー,サンボ,ブル,エン,キュウソ,10,-FEET,My,Hair,is,Bad,ライブ,ツアー,ミラクル,ホームラン,ツアー,ゲスト,出演者,発表,My,Hair,is,Bad,すべて
梅沢富美男,重大,発表,予告,病気,離婚,疑わ,いい加減,しろ,俳優,梅沢富美男,66,9,放送,フジテレビ,情報,番組,バイキング,毎週,月,11,55,13,45,パーソナル,トレー
名探偵コナン,連載,23,1000,達成,週刊,少年,サンデー,複製,原画,応募者,全員,サービス,青山剛昌,先生,人気,漫画,名探偵コナン,8,9,発売,週刊,少年,サンデー,37・38,合併,連載,1000,達成,これ,記念
星野,源,オールナイトニッポン,2,生放送,スタジオ,ライブ,それぞれ,会場,様子,メール,お待ち,8,21,1,深夜,1,毎日,特別,企画,実施,ニッポン放送,オールナイトニッポン,22,パーソナリティ,星野,源
ふくろ,うず,草津,温泉,湯もみ,新,MV,テーマ,ネオ,ジャパネスク,ふくろ,うず,9,6,リリース,ニュー,アルバム,表題曲,びゅー,ふる,ミュージック,ビデオ,公開,びゅー,ふる
藍坊主,群青,映画,プロジェクト,スタート,藍坊主,楽曲,群青,映画,向け,夏,言葉,でき,瞬間,形,藍坊主,楽曲,群青,映画,プロジェクト
今年,ライブ,無料,恵比寿,台湾,カルチャー,楽しむ,イベント,台湾,魅力,詰め込ん,イベント,2017,TAIWANDERFUL,台,ワンダフル,Music,Culture,Event,2
くりぃむ,有田,人生,変え,同級,生,捜索,ネプ,堀内,暴露,明日,8,10,（木）,放送,櫻井,有吉,THE,夜会,TBS,MBS,系,くりぃむしちゅー,有田,ゲスト,出演,櫻井,有吉,THE,夜会
ガンダム,メッセンジャー,サコッシュ,Manhattan,Portage,コラボ,アニメ,機動,戦士,ガンダム,Manhattan,Portage,コラボ,よる,メッセンジャー,サコッシュ,ショッピング,サイト,プレミア
フェロ,メン,初,アニメ,タイアップ,自身,プロデュース,よる,舞台,決定,実力,人気,声優,諏訪部順一,鳥海浩輔,よる,ユニット,フェロ,メン,10,TOKYO,MX,BS,11,他,放送,TV,アニメ
橋本マナミ,デビュー,当時,写真,公開,初々しい,透明感,ある,声,橋本マナミ,モデル,プレス,8,9,タレント,橋本マナミ,8,自身,Instagram,デビュー,当時,写真,公開,注目,集め
河西智美,谷間,チラリ,水着,ショット,ファン,悶絶,見,セクシー,河西智美,モデル,プレス,8,9,タレント,元,AKB,48,河西智美,自身,Instagram,水着姿,公開,写真,水着,写
ゆゆゆ,い,イベント,固い,絆,夏,思い出,後編,3,構成,パーティ,編成,確認,結城友奈,勇者,花,結い,きらめき,ゆゆゆ,い,イベント,固い,絆,夏,思い出,開催,ござい,イベント,固い,絆,夏,思い
ゆゆゆ,い,イベント,固い,絆,夏,思い出,後編,2,構成,パーティ,編成,確認,結城友奈,勇者,花,結い,きらめき,ゆゆゆ,い,イベント,固い,絆,夏,思い出,開催,ござい,イベント,固い,絆,夏,思い
藍坊主,群青,映画,プロジェクト,スタート,藍坊主,楽曲,群青,映画,向け,夏,言葉,でき,瞬間,形,藍坊主,楽曲,群青,映画,プロジェクト
今年,ライブ,無料,恵比寿,台湾,カルチャー,楽しむ,イベント,台湾,魅力,詰め込ん,イベント,2017,TAIWANDERFUL,台,ワンダフル,Music,Culture,Event,2
くりぃむ,有田,人生,変え,同級,生,捜索,ネプ,堀内,暴露,明日,8,10,（木）,放送,櫻井,有吉,THE,夜会,TBS,MBS,系,くりぃむしちゅー,有田,ゲスト,出演,櫻井,有吉,THE,夜会
ガンダム,メッセンジャー,サコッシュ,Manhattan,Portage,コラボ,アニメ,機動,戦士,ガンダム,Manhattan,Portage,コラボ,よる,メッセンジャー,サコッシュ,ショッピング,サイト,プレミア
フェロ,メン,初,アニメ,タイアップ,自身,プロデュース,よる,舞台,決定,実力,人気,声優,諏訪部順一,鳥海浩輔,よる,ユニット,フェロ,メン,10,TOKYO,MX,BS,11,他,放送,TV,アニメ
橋本マナミ,デビュー,当時,写真,公開,初々しい,透明感,ある,声,橋本マナミ,モデル,プレス,8,9,タレント,橋本マナミ,8,自身,Instagram,デビュー,当時,写真,公開,注目,集め
河西智美,谷間,チラリ,水着,ショット,ファン,悶絶,見,セクシー,河西智美,モデル,プレス,8,9,タレント,元,AKB,48,河西智美,自身,Instagram,水着姿,公開,写真,水着,写
ゆゆゆ,い,イベント,固い,絆,夏,思い出,後編,3,構成,パーティ,編成,確認,結城友奈,勇者,花,結い,きらめき,ゆゆゆ,い,イベント,固い,絆,夏,思い出,開催,ござい,イベント,固い,絆,夏,思い
ゆゆゆ,い,イベント,固い,絆,夏,思い出,後編,2,構成,パーティ,編成,確認,結城友奈,勇者,花,結い,きらめき,ゆゆゆ,い,イベント,固い,絆,夏,思い出,開催,ござい,イベント,固い,絆,夏,思い
山崎賢人,女子校,サプライズ,課外,授業,野菜,用い,ネタ,連発,学生,囲ま,山崎賢人,東京,四谷,俳優,山崎賢人,２２,９,東京,千代田,女,学園高校,サプライズ,課外,授業,行っ,カゴ
FGO,水着,イベント,向け,メンテナンス,延長,終了,時刻,未定,FGO,水着,イベント,向け,メンテナンス,延長,終了,時刻,未定,Fate,Grand,Order,公式,ツイッター,ゲーム
宮迫博之,複数,女性,ゲス,不貞,連発,懲り,下半身,罵声,嵐,お笑い,コンビ,雨上がり,決死,宮迫博之,文春,砲,炸裂,8,9,発売,週刊,文春,宮迫,モデル,女性,一夜,し,数
東京,国立,博物館,巨大,スクリーン,博物館,野外,シネマ,開催,上映,作品,決定,2016,博物館,野外,シネマ,様子,1,東京,国立,博物館,画像,見る,台東区,東京,国立,博物館,9,22,（金）,23,土
錦織圭,父,恋人,観月,あこ,心中,吐露,悪い,こと,聞か,自己,最高位,4,テニス,プレイヤー,錦織圭,苦しん,心情,表,あらわし,6,全仏,オープン,相手,ブレーク,許し,瞬間,み
のん,音楽,活動,大物,ミュージシャン,支援,東京,葛西臨海公園,開催,ライブ,イベント,WORLD,HAPPINESS,2017,女優,のん,出演,LINE,モバイル,スペ
宮迫博之,二股,不倫,疑惑,在阪,各局,今,ところ,静観,構え,文春,砲,逃げ切る,雨上がり,決死,宮迫博之,お笑い,コンビ,雨上がり,決死,宮迫博之,４７,９,発売,週刊,文春,二股,不倫,疑惑,報じ,件
練習,激ヤセ,ブルゾン,ちえみ,24,ランナー,本命,痩せ,本気,トレーニング,し,証拠,ブルゾン,ちえみ,8,4,インスタグラム,更新,変貌,姿,ある,疑惑,浮上
二股,告げ口,テラスハウス,メンバー,言動,問題,シェリー,ウェズ,自分,嫌っ,聞か,号泣,新田,満理子,フジテレビ,イースト,エンタテインメント,テラス,ハウ
ブス,神,7,SKE,須田亜香里,ベッド,し,何,無い,まま,挑発,須田亜香里,8,8,AKBINGO,日本テレビ,男子,寮生,相手,AKB,48,チーム,8,AKB,48,SKE,48,チー
元,OOIOO,OLAibi,鳥取,大山,森,生み出し,みみ,す,聴く,物語,元,OOIOO,ドラマー,パーカッショニスト,OLAibi,8,11,ニュー,アルバム,みみ,す,リリース,OLAibi,みみ
明徳,義塾,延長,熱戦,制し,2,日大,山形,十二,力尽きる,２,明徳義塾,無死,三塁,筒井,右前,勝ち越し,適時打,放つ,甲子園,全国,高校,野球,選手権,１,明徳,義塾,６,３,大山,９,甲
明徳,義塾,延長,制す,馬淵,監督,甲子園,50,王手,先発,力投,明徳,義塾,北本,撮影,鈴木,みどり,全国,高校,野球,選手権,明徳義塾,６,３,大山,９,１,明徳,義塾,高知,延長
高校,野球,明徳,義塾,6,3,日大,山形,下す,99,全国,高校,野球,選手権,大会,2,4,明徳,義塾,高知,対,日大,山形,山形,6,3,明徳義塾,勝ち
明徳,義塾,初戦,突破,日大,山形,延長,制す,馬淵,監督,甲子園,50,王手,９９,全国,高校,野球,選手権,大会,２,明徳義塾,６,３,大山,２０１７,８,９,甲子園,９９,全国,高校,野球,選手権,大会,９
ソフト,ホークス,サマー,ガーデン,実施,14,鷹,祭典,酒井藍,始球式,ソフトバンク,９,１２,日本ハム,ヤフオク,ドーム,２７,ロッテ,主催,１１,ホークス,サマー,ガーデン,実施
楽天,茂木,初球,狙っ,今季,6,先頭,打者,１,裏,楽天,無死,初球,右,本塁打,する,茂木,撮影,野上,伸悟,楽天,日本ハム,９,Ｋｏｂｏ,パーク,宮城,楽天,茂木,栄五郎,内野手,２３
ハリル,ジャパン,最後,杯,最終,予選,メンバー,24,午後,3,発表,日本サッカー協会,９,残り,２,なっ,ワールドカップ,Ｗ杯,アジア,最終,予選,オーストラリア,８,３１,埼玉,サウジアラビア
ソフトボール,大会,打順,めぐっ,大,神戸,刑務所,受刑者,2,傷害,暴行,容疑,送検,刑務所,開か,ソフトボール,大会,打順,めぐっ,口論,なり,殴り合い,けんか,し,し,神戸,刑務所,兵庫県,明石市,2017,8
日本ハム,大谷,4,初打点,いい,ところ,転がっ,パ,リーグ,楽天,日本ハム,２０１７,８,９,Ｋｏｂｏ,パーク,宮城,日本ハム,大谷翔平,投手,２３,９,楽天,Ｋｏｂｏ,パーク
日本ハム,大谷,バット,先,激走,適時,内野,安打,１,日本ハム,２死,三塁,先制,遊撃,適時,安打,放つ,大谷,撮影,野上,伸悟,楽天,日本ハム,９,Ｋｏｂｏ,パーク,宮城,日本ハム,大谷翔平,投
オリックス,中島,先制,7,ソロ,4,連続,先制点,オリックス,西武,９,京セラ,ドーム,大阪,オリックス,二,２死,中島,左,７,ソロ,先制,中島,本塁打,３,オ
福留,2,連続,二塁打,追加点,先発,青柳,援護,巨人,阪神,９,東京ドーム,阪神,１,リード,迎え,三,福留,２,連続,二塁打,追加点,奪っ,回,１,高山,左前
阪神,石崎,今季,昇格,投げ,結果,残し,巨人,阪神,９,東京ドーム,阪神,石崎,剛,投手,２６,今季,昇格,石崎,今季,２,２６,登板,防御率,３・７７,１
モウリーニョ,監督,準優勝,メダル,少年,プレゼント,ガッツ,ポーズ,笑顔,記念,撮影,UEFA,スーパーカップ,敗れ,ユナイテッド,モウリーニョ,監督,メダル,少年,手渡し,マンチェスター,ユナイテッド,ジョゼ,モウリーニ
阪神,ロジャース,前日,安打,反省,生かし,先制,適時打,１,阪神,２死,二塁,ロジャース,中前,適時打,放つ,撮影,山崎,安昭,巨人,阪神,９,東京ドーム,阪神,ジェイソン,ロジャース,内野
ヤクルト,ドラ,3,梅野,プロ,初打席,ライト,ゴロ,ヤクルト,－ＤｅＮＡ,９,神宮,プロ,初先発,ヤクルト,ドラフト,３,梅野,雄吾,投手,１８,九州,初打席,ライト,ゴロ,倒れ
ポケモン,GO,レイド,バトル,ボス,ラスト,1,捕獲,不具合,運営,ボール,配布,増やす,対応,Pokemon,GO,ポケモン,GO,運営,ナイ,アンティック,公式,サイト,英語,既知,問題点,対応,状況,公開
寿人,82,ノー,バン,始球式,40,投げ,肩,つくっ,Ｊ２,名古屋,日本,代表,ＦＷ,佐藤寿人,３５,９,中日,広島,ナゴヤドーム,始球式,務め,名古屋,ユニホーム,姿,マウンド
山梨,学院,プロ,注目,吉松,6,KO,相手,上,先発,力投,山梨,学院,吉松,撮影,鈴木,みどり,全国,高校,野球,選手権,前橋,育英,１２,５,山梨,学院,９,１,山梨,学院,前橋育英
佐藤寿人,始球式,名古屋,盛り上げ,中日,広島,９,ナゴヤドーム,Ｊ２,名古屋,グランパス,ＦＷ,佐藤寿人,３５,始球式,務め,自前,青,グラブ,はめ,投球,８２
日本ハム,大谷,バット,先,激走,適時,内野,安打,１,日本ハム,２死,三塁,先制,遊撃,適時,安打,放つ,大谷,撮影,野上,伸悟,楽天,日本ハム,９,Ｋｏｂｏ,パーク,宮城,日本ハム,大谷翔平,投
オリックス,中島,先制,7,ソロ,4,連続,先制点,オリックス,西武,９,京セラ,ドーム,大阪,オリックス,二,２死,中島,左,７,ソロ,先制,中島,本塁打,３,オ
福留,2,連続,二塁打,追加点,先発,青柳,援護,巨人,阪神,９,東京ドーム,阪神,１,リード,迎え,三,福留,２,連続,二塁打,追加点,奪っ,回,１,高山,左前
阪神,石崎,今季,昇格,投げ,結果,残し,巨人,阪神,９,東京ドーム,阪神,石崎,剛,投手,２６,今季,昇格,石崎,今季,２,２６,登板,防御率,３・７７,１
モウリーニョ,監督,準優勝,メダル,少年,プレゼント,ガッツ,ポーズ,笑顔,記念,撮影,UEFA,スーパーカップ,敗れ,ユナイテッド,モウリーニョ,監督,メダル,少年,手渡し,マンチェスター,ユナイテッド,ジョゼ,モウリーニ
阪神,ロジャース,前日,安打,反省,生かし,先制,適時打,１,阪神,２死,二塁,ロジャース,中前,適時打,放つ,撮影,山崎,安昭,巨人,阪神,９,東京ドーム,阪神,ジェイソン,ロジャース,内野
ヤクルト,ドラ,3,梅野,プロ,初打席,ライト,ゴロ,ヤクルト,－ＤｅＮＡ,９,神宮,プロ,初先発,ヤクルト,ドラフト,３,梅野,雄吾,投手,１８,九州,初打席,ライト,ゴロ,倒れ
ポケモン,GO,レイド,バトル,ボス,ラスト,1,捕獲,不具合,運営,ボール,配布,増やす,対応,Pokemon,GO,ポケモン,GO,運営,ナイ,アンティック,公式,サイト,英語,既知,問題点,対応,状況,公開
寿人,82,ノー,バン,始球式,40,投げ,肩,つくっ,Ｊ２,名古屋,日本,代表,ＦＷ,佐藤寿人,３５,９,中日,広島,ナゴヤドーム,始球式,務め,名古屋,ユニホーム,姿,マウンド
山梨,学院,プロ,注目,吉松,6,KO,相手,上,先発,力投,山梨,学院,吉松,撮影,鈴木,みどり,全国,高校,野球,選手権,前橋,育英,１２,５,山梨,学院,９,１,山梨,学院,前橋育英
佐藤寿人,始球式,名古屋,盛り上げ,中日,広島,９,ナゴヤドーム,Ｊ２,名古屋,グランパス,ＦＷ,佐藤寿人,３５,始球式,務め,自前,青,グラブ,はめ,投球,８２
ムバッペ,獲得,放出,候補,ベイル,報道,耳,貸す,つもり,ない,レアル,マドリー,退団,マンチェスター,ユナイテッド,移籍,ない,報じ,FW,ガレス,ベイル,本人,噂,惑わ
上西,驚い,阪神,サイン,300,上西小百合,衆院,議員,お騒がせ,上西小百合,衆院,議員,３４,突っ走る,事,決め,宣言,阪神,ファン,知ら,上西,８
久々,1,目指す,頂点,松商学園,負,汚名,返上,高校,野球,出場,３６,伝統校,甲子園,１７,白星,挙げ,県大会,打率,１,不振,あえい,主将,４,藤井,４,３,２１,１２
プレミア,復帰,ニューカッスル,指揮官,シーズン,向け,違う,挑戦,トッテナム,プレミア,リーグ,開幕,13,控え,ニューカッスル,ラファエル,ベニテス,監督,メディア,取材,応じ,シーズン,向け,コ
チェルシー,サンドロ,獲得,断念,代役,候補,英,代表,2,チェルシー,ユヴェントス,所属,ブラジル,代表,DF,アレックス,サンドロ,獲得,断念,9,イギリス,デイリー,スター,伝
名門校,ユース,激突,和倉,ユース,サッカー,大会,グループ,リーグ,日程,終了,石川県,開催,5,和倉,ユース,U－,18,サッカー,大会,グループ,リーグ,日程,終了,大会,平成,29,全国,高等,学校,総合
西武,菊池,ソフトバンク,東浜,先発,リーグ,トップ,12,狙う,10,予告,先発,先発,登板,向け,調整,メッセンジャー,１０,プロ野球,予告,先発,次,通り,発表,巨人,内海,阪神,メッセンジャー,東京ドーム
4,ロジャース,巨人,畠,先制打,福留,二塁打,チャンス,メーク,１,ロジャース,先制,適時,中前打,放つ,投手,畠,巨人,阪神,９,東京ドーム,阪神,初回,３,福留,４,ロジャース
10,予告,先発,投手,プロ野球,パ,リーグ,楽天,安楽,日本ハム,加藤,コボパーク,宮城,ロッテ,唐川,ソフトバンク,東浜,ゾゾ,マリン,オリックス,松葉,西武,菊池,京,セ
山梨,学院,吉松,予想外,強打,沈む,高校,野球,山梨,学院,エース,吉松,６,喫し,三,途中,降板,一,三盗,さ,後,先制打,許す,三,３,連打,３,失っ,直後,高め
レアル,誇る,圧倒的,勝負強,タイトル,懸かる,決勝,11,UEFA,スーパーカップ,制し,レアル,マドリー,写真,Getty,Images,現地,時間,8,UEFA,スーパーカップ,試合,行わ
川内,帰国,代表,距離,置く,考え,示す,陸上,世界選手権,日の丸,ラスト,ラン,終え,男子,マラソン,川内優輝,３０,埼玉,県庁,９,羽田空港,取材,応じ,調整,うまく,いき,暑
楽天,安楽,1,2,目指す,10,予告,先発,楽天,安楽智大,日本,野球,機構,9,明日,予告,先発,発表,楽天,10,日本ハム,安楽智大,立てる,3,今季
ロッテ,唐川,ソフトバンク,東浜,ほか,10,予告,先発,１０,プロ野球,予告,先発,以下,通り,セ,リーグ,巨人,内海哲也,阪神,メッセンジャー,東京ドーム,午後,６,ヤクルト,星,知弥
ヤクルト,ドラ,3,梅野,セ,高卒,新人,最速,デビュー,初回,三者,凡退,抑える,ヤクルト,－ＤｅＮＡ,９,神宮球場,ヤクルト,ドラフト,３,ルーキー,梅野,雄吾,投手,１８,九州,プロ,初登板,初先発,果たし
日本ハム,中田,スタメン,外れる,代打,監督,練習,手前,土,人工芝,段差,足,とら,転倒,左足首,痛める,中田,撮影,黒川,智章,楽天,日本ハム,９,Ｋｏｂｏ,パーク,宮城
プロ野球,速報,9,セ,リーグ,ヤ,－Ｄ,１,ＤｅＮ,０,０,ヤクル,神,１,阪,神,１,１
プロ野球,速報,9,セ,ＤｅＮ,０,ヤクル,１,神宮,阪,神,１,人,１,東京ドーム,広,島,０,中,日,１,ナゴヤドーム
長崎,FW,畑,潤基,アスル,クラロ,沼津,期限付き,移籍,成長,帰っ,Ｖ,ファーレン,長崎,8,9,FW,畑,潤基,アスル,クラロ,沼津,期限付き,移籍,こと,クラブ,公式,サイト,正式,発表,期限付き,移籍,期間
ドルトムント,発掘,原石,香川,選出,独,メディア,利益,上げ,7,紹介,商売,上手,光る,ドルトムント,香川,差し引き,10,億,3000,万,利益,日本,代表,MF,香川真司,所属,ドルトムント,才能,溢れる,原石
ホークス,見どころ,バンデン,来日,初,2,勝利,ロッテ,通算,4,0,ロッテ,ソフトバンク,９,１８,１５,ＺＯＺＯ,マリン,バンデンハーク,来日,３,初,２,勝利,目指す,ロッテ,通算,４,０
10,予告,先発,巨人,内海,西武,菊池,セ,リーグ,巨人,内海,阪神,メッセンジャー,東京,Ｄ,ヤクルト,星,―ＤｅＮＡ,今永,神宮,中日,八木,広島,九里,ナゴヤ,Ｄ
山中慎介,具志堅,並ぶ,13,自分,自身,楽しみ,ＧＯＤ,Ｓ,ＬＥＦＴ,書か,Ｔシャツ,着,左拳,突き出す,山中,撮影,横山,健太,ボクシング,ＷＢＣ,世界,バンタム級,タイトルマッチ,１５
カブス,上原,ピンチ,招き,緊急,降板,一死,奪,1,迷惑,かけ,ジャイアンツ,6,3,カブス,現地,時間,8,8,AT,パーク,カブス,上原浩治,8,日本,時間,9,敵地,ジャ
松山,スピース,全米,プロ,ゴルフ,選手権,注目,5,全米,プロ,ゴルフ,選手権,開幕,控え,コース,練習,臨む,松山,英樹,2017,8,8,撮影,AFP,時事,米,ノースカロライナ州,シャーロ
前橋,育英,飯島,左手首,骨折,1,含む,3,７,前橋,育英,無死,左,本塁打,放つ,飯島,撮影,鈴木,みどり,全国,高校,野球,選手権,前橋,育英,１２,５,山梨,学院,９,１,前橋,育
早稲田,佐賀,占部,主将,自分,野球,楽しむ,春夏,通じ,甲子園,初出場,早稲田,佐賀,９,兵庫,県内,２,練習,１０,４,聖心ウルスラ,学園,宮崎,九州,対決,備え,シ
10,予告,先発,投手,プロ野球,セ,リーグ,巨人,内海,阪神,メッセンジャー,東京ドーム,ヤクルト,星,－ＤｅＮＡ,今永,神宮,中日,八木,広島,九里,ナゴヤドーム,2
土浦,日大,力,出,高校,野球,土浦,日大,先発,富田,９,甲子園,３１,出場,土浦,日大,２,２,投手,力,出し切,先発,富田,五,１０
マリナーズ,1,WBC,代表,投手,獲得,マリナーズ,８,レンジャーズ,アーネスト,フリエリ,投手,３２,獲得,マ,レ,１,支払わ,いう,ダラス,モ
インテル,トルコ,メッシ,こと,モル,獲得,昨季,12,出場,インテル,ドルトムント,所属,トルコ,代表,MF,エムレ,モル,獲得,迫っ,こと,分かっ,ドイツ,キッカー,8,伝え
クラブ,史上初,リーガ,1,昇格,ジローナ,ストーク,DF,ムニエサ,関心,シーズン,スペイン,1,リーグ,昇格,ジローナ,ストーク,スペイン人,DF,マルク,ムニエサ,獲得,希望,イギリス,メディ
ユヴェントス,ストロートマン,獲得,オファー,提示,ローマ,拒否,ユヴェントス,ローマ,所属,オランダ,代表,MF,ケヴィン,ストロートマン,獲得,向け,オファー,準備,こと,分かっ,イタリア
ハノーファー,新星,FW,ウッド,バーン,オファー,リヴァプール,拒否,ハノーファー,リヴァプール,所属,U－,17,ウェールズ,代表,FW,ベン,ウッド,バーン,オファー,提示,リヴァプール,これ,拒否
関東地方,1,都,6,県,唯一,夏,甲子園,全国,制覇,経験,ない,県,問わ,即座,正解,出,人,かなり,高校,野球通,正解,埼玉県,埼玉,県勢,いえ,春,選抜,13,85,大会,浦和
石原さとみ,4,連続,こだわり,始球式,証明,スポ根,美少女,過去,石原さとみ,8,7,行わ,サントリー,ドリーム,マッチ,2017,東京ドーム,始球式,務め,イベント,1995,スター
バロテリ,スピード,違反,時速,200,走行,バロテリ,２０１６,３,１３,撮影,９,伊紙,ガゼッタ,デロ,スポルト,よる,ニース,バロテリ,５,黄色,フェラーリ,時速,２００
ミラン,新加,入,ボヌッチ,親善試合,初先発,伊紙,ＡＣミラン,９,ベティス,親善試合,行い,これ,１７,欧州,リーグ,最終,予選,最後,テスト,マッチ,なる,９,伊紙,ガゼッタ,デロ
昨季,引退,トッティ,ローマ,幹部,し,始動,フランチェスコ,トッティ,撮影,ＰＮＰ,２０１６,１,９,昨季,引退,イタリア,代表,トッティ,８,ローマ,幹部,し
レアル,ジダン,監督,クラブ,歴代,4,タイトル,レアル,マドリード,ジダン,監督,８,欧州,スーパーカップ,レアル,マドリード,カゼ,ミロ,イスコ,ゴール,２,１,マンチェスター,ユナ
バルセロナ,違約金,支払い,拒否,マルティネス,獲得,頓挫,ＤＦ,イニゴ,マルティネス,２０１２,７,２６,撮影,ＰＮＰ,バルセロナ,Ｒ,ソシエダード,ＤＦ,イニゴ,マルティネス,獲得,遠のい
ドルト,デンベレ,違約金,195,億,設定,仏紙,ドルトムント,デンベレ,左,香川真司,２０１７,２,２５,撮影,ドルトムント,フランス人,ＦＷ,デンベレ,違約金,１,億,５０００,万
ヤクルト,大松,7,スカパー,サヨナラ,忘れ,一,ヤクルト,大松,９,印象深い,サヨナラ打,放っ,打者,表彰,７,スカパー,サヨナラ,選ば,神宮,クラブハウス,会見
3,10,日程,高校,野球,１,１,８,００,木更津総合,千葉,日本航空,石川,石川,２,１０,３０,開星,島根,花咲徳栄,埼
MLB,中堅手,飛球,フェンス,激突,背走,美技,家,マネ,レッズ,ビリー,ハミルトン,写真,Getty,Images,レッズ,ハミルトン,守備,魅せる,8,日本,時間,9,行わ,レッズ,パ
五輪,連覇,完成,重視,羽生,異例,リバイバル,フィギュアスケート,公開,練習,終了,記者会見,質問,答える,羽生結弦,８,カナダ,トロント,トロント,カナダ,時事,フィギュアスケート,男子,羽生結弦,Ａ
山中,KO,理想,13,防衛,練習,公開,-WBC,バンタム級,１３,防衛,向け,練習,ＷＢＣ,バンタム級,王者,山中慎介,９,午後,東京都,新宿区,世界,ボクシング,評議会,ＷＢＣ,バンタム級,ピオ
清水,vsC,大阪,スタメン,発表,8.9,1,21,アイスタ,19,00,開始,主審,岡部拓人,副審,間島,宗一,林,可人,清水エスパルス,先発,GK,13
欧州,5,大リーグ,制覇,DAZN,プレミア,放映,決定,スポーツ,ライブ,ストリーミング,サービス,DAZN,ダ,ゾーン,9,2017,18,プレミア,リーグ,放映,こと,決定
甲府,vs,浦和,スタメン,発表,8.9,1,21,中銀,スタ,19,00,開始,主審,木村,博之,副審,八木,あかね,和角,敏之,ヴァンフォーレ甲府,先発
神戸,vs,鹿島,スタメン,発表,8.9,1,21,ノエスタ,19,00,開始,主審,佐藤隆治,副審,中野,卓,松井,健太郎,ヴィッセル神戸,先発,GK,1
札幌,vs,横浜,FM,スタメン,発表,8.9,1,21,札幌,ド,19,00,開始,主審,榎本,一慶,副審,聳城,巧,作本,貴典,北海道,コンサドーレ札幌,先発,GK
仙台,vs,磐田,スタメン,発表,8.9,1,21,ユアスタ,19,00,開始,主審,扇谷健司,副審,山際,将史,穴井千雅,ベガルタ仙台,先発,GK,1
広島,vsG,大阪,スタメン,発表,8.9,1,21,スタ,19,00,開始,主審,三上,正一郎,副審,中井,恒,武田,光晴,サンフレッチェ広島,先発,GK
新潟,vs,川崎,スタメン,発表,8.9,1,21,デンカ,19,00,開始,主審,家本政明,副審,相樂亨,西村,幹也,アルビレックス新潟,先発,GK
柏,vs,鳥栖,スタメン,発表,8.9,1,21,柏,19,00,開始,主審,村上伸次,副審,田中利幸,小椋,剛,柏レイソル,先発,GK,23,中村,航輔
大宮,vsFC,東京,スタメン,発表,8.9,1,21,NACK,19,00,開始,主審,松尾一,副審,名木利幸,岡野,宇,広,大宮アルディージャ,先発,GK
指揮官,うれしい,気持ち,さびしい,気持ち,関根,浦和,ラスト,ゲーム,先発,勝利,置き土産,できる,1,21,9,各地,開催,山梨中銀,スタジアム,ヴァンフォーレ甲府,浦和レッズ,対戦,試合,先駆け,先発,メンバー,発表
川内,今年,福岡,国際,参戦,自己,ベスト,更新,2,7,帰国,囲み,取材,笑顔,見せる,男子,マラソン,川内優輝,羽田空港,撮影,開出,牧,ロンドン,開催,陸上,世界選手権,出場,マラソ
福島,復旧,復興,祈念,ユース,大会,バラバラ,帝京,安積,慰め合い,なく,強く,要求,勝つ,チーム,8.6,福島,復旧,復興,祈念,ユース,大会,帝京,積高,2,2,旭川実,西部,サッカー,メイン,バラバラ,――,帝京,安積
ルカク,追撃,26,制覇,なら,UEFA,スーパー,敗れ,マン,12,8.8,UEFA,スーパー,マドリー,2,1,マンチェスター,UEFA,スーパー,8,マケドニア,ピリッポス,2,アレ
レアル,UEFA,スーパー,連覇,カゼ,ミーロ,イスコ,マン,勝利,16,8.8,UEFA,スーパー,マドリー,2,1,マンチェスター,UEFA,スーパー,8,マケドニア,ピリッポス,2,アレ
広島,大勝,1,負け,ウエスタン,リーグ,首位,プロ野球,ファーム,９,イースタン,ウエスタン,リーグ,各地,行わ,優勝,マジック,３３,点灯,１,負け,ウエスタン,リー
世界,トップ,気圧,戦う,松山,英樹,圧巻,メジャー,制覇,吉兆,最終日,スタート,ウォーミング,アップ,最悪,素晴らしい,プレー,できる,最後,信じ,スター
強豪,松山,警戒,自信,付け,声,全米,プロ,ゴルフ,男子,ゴルフ,全米,プロ,選手権,開幕,控え,練習,ラウンド,調整,松山,英樹,８,米,ノースカロライナ州,シャーロット,シャーロット,米,ノース
日本ハム,ドラフト,1,ルーキー,堀,1,昇格,ロッテ,石川,西武,十亀,抹消,９,プロ野球,パ,リーグ,公示,次,通り,発表,出場,選手,登録,日本ハム,鍵谷,陽平,投手,堀瑞,輝,投手,飯山裕志,内野手,ロッテ,田中,靖
ロッテ,石川,登録,抹消,中継ぎ,強化,ため,ロッテ,ソフトバンク,９,ＺＯＺＯ,マリン,スタジアム,８,カード,今季,３,９,挙げ,石川,歩,出場,選手,登録,外れ
青柳,40,1,マウンド,応え,巨人,阪神,９,東京ドーム,伝統,一戦,２,Ｒ,先発,昇格,青柳,６,３０,ヤクルト,甲子園,４０,１,マ
今夏,ミラン,加入,ビリア,太もも,負傷,発覚,セリエ,開幕,欠場,今夏,ラツィオ,ミラン,加入,アルゼンチン,代表,MF,ルーカス,ビリア,太もも,故障,セリエ,開幕,出場,危ぶま,こと,分
3,少女,ポニー,乗っ,まま,お買い物,動画,世界,これ,ドライブ,スルー,いう,ニュージーランド,オポティキ,ある,食料,Tirohanga,Beach,Store,フェイスブック,投稿,ドライブス
父,真ん中,み,み,すごい,私,すげぇ,ニョ,生え,もの,Twitter,投稿,話題,なっ,一枚,画像,ガソリン,スタンド,歩道橋,写っ,一見,なんでもない,風景,撮影者,提供,山田
朽ち果て,大型船,中,探検,廃船,カヤッキング,素晴らしく,楽し,長年,放置,錆,なり,廃船,なっ,大型船,中,カヤック,入る,廃船,カヤッキング,楽し,沈没船,ダイビング,危険性
長崎,市長,痛切,訴え,核の傘,政策,見直し,動画,見る,記事,核の傘,よる,安全保障,政策,見直す,強く,訴え,くわしく,動画
夫婦,合作,ダンボール,ロボ,搭乗,ニャンコ,可愛い,夫婦,合作,ダンボール,ロボ,乗っ,ニャンコ,可愛い,Twitter,話題,なっ,夫婦,合作,ダンボール,ロボ,画像,投稿者
男の子,乗客,かわいい,挨拶,し,話題,大人,優しい,対応,ナイス,飛行機,乗っ,男の子,自分,席,たどり着く,座っ,お客さん,フィスト,バンプ,拳,合わせる,挨拶,する,動画,話題
混乱,にゃんこ,写真,どこ,しっぽ,トースト,クッション,上,優雅,横たわる,にゃんこ,しっぽ,足,一体化,見える,その他,画像,こ
インスタ,これ,同じ,現場,プロ,実力,違いすぎる,写真,話題,インスタ,言葉,今,流行,素材,たしか,大事,大事,それ,大事,テクニック,腕,良く
猫,友達,なり,赤ちゃん,カワウソ,でき,まさか,寝,落ち,画像,提供,カワウソ,ち,たん,love,otter,love,猫,ぴったり,くっつい,寝,赤ちゃん,カワウソ,可愛く,癒
テーブル,上,お菓子,欲しい,ワンコ,待っ,予想外,結末,テーブル,上,置い,お菓子,欲しい,ワンコ,必死,ジャンプ,届き,出典,https,www,youtu
芸術,ネコ,遊ん,後,トイレット,ペーパー,オブジェ,トイレット,ペーパー,オブジェ,作っ,ニャンコ,注目,集め,芸術家,ニャンコ,画像,投稿者,Momo,Kana
オコジョ,親子,登場,茶色,夏毛,姿,鮮明,とらえ,貴重,出会い,歓喜,声,野生,オコジョ,親子,撮影,貴重,写真,Twitter,公開,夏毛,姿,愛くるしい,日本,白鳥,会,会員
無謀,ライオン,挑も,する,猫,アメリカ,テキサス州,ある,営利,団体,動物,研究,教育,センター,ライオン,猫,バギー,撮影,映像,バギー,尻尾,立て,ライオン,向かっ
日本,しっぽ,短い,猫,多い,理由,連載,トゥモロー,通信,日本,原産,猫,し,海外,可愛い,人気,集める,ジャパニーズ,ボブテイル,キャット,始め,日本,しっぽ
芦屋,ボリューム,満点,イタリアン,レストラン,アレグロ,岡島,かれん,芦屋,ある,イタリアン,レストラン,アレグロ,ピザ,大き,びっくり,大きい,ピザ,お腹,いっぱい,なり
犬,おじぎ,する,時,5,気持ち,犬,おじぎ,時,５,気持ち,犬,おじぎ,時,気持ち,遊ぼ,犬,おじぎ,し,時,代表的,気持ち,プレイ,バウ
台風,接近,備え,熊本市,現代,美術館,対策,愛,感じる,2017,7,21,発生,強力,台風,5,8,9,午前,3,東北地方,温帯,低気圧,変わっ,大雨,暴風,注意,必要
劇場,世界,ネコ,歩き,場面,写真,公開,コトラ,出産,子ネコ,あどけない,表情,いっぱい,劇場,岩合光昭,世界,ネコ,歩き,コトラ,家族,世界,いい,コ,春,コトラ,出産,子ネコ,あどけない,表情,本編,場面,写
ロシア,分から,凄い,ロシア,風景,64,写真,35,おそ,ロシア,いう,ない,日本,見,光景,たくさん,見,そんな,ロシア,色々,状況,集め,写真,ワイ
岩場,登る,Jeep,凄い,車,どこ,行け,ジープ,チェロキー,XJ,岩場,登る,映像,YouTube,ジープ,素晴らしい,性能,手荒,扱っ,大丈夫
岩場,登る,Jeep,凄い,車,どこ,行け,ジープ,チェロキー,XJ,岩場,登る,映像,YouTube,ジープ,素晴らしい,性能,手荒,扱っ,大丈夫
ミディアム,ロング,方,海,プール,アレンジ,楽しも,伊藤,りか,ミディアム,ロング,方,海,プール,大活躍,アレンジ,楽しも
あたため,あげ,小さき,動物,すべて,懐,入れ,あたため,母性,ダダ,漏れ,ニワトリ,母さん,ズ,母性,それ,動物,備わっ,本能,ある,たま,不具合,発生,こと,作動,場合,あれ,あり,あまる,母性,すべて,命,平
8,9,パグ,日,パグ,愛おしく,たまらなく,パグ,ほっかむり,画像,8,8,9,パグ,日,鼻,ぺ,犬,代表格,パグ,シワシワ,顔,愛嬌,たっぷり,見せる,人間,じみ,表情,魅力的
スーパー,大量,爆竹,長崎,県民,あたりまえ,2017,8,6,次のよう,写真付き,ツイート,投稿,話題,なっ,爆竹,お買い得,なる,長崎,主婦
かわな,テイスト,キュン,する,高橋愛,ファン,エスター,バニー,さまざま,ファッション,ブランド,コラボ,する,今,世界,注目,浴び,イラストレーター,Esther,Kim,エスター,キム
オオヤマネコ,鳴き声,見た目,想像,可愛い,笑,鋭い,目つき,オオヤマネコ,見た目,裏腹,猫,とっ,可愛い,鳴き声,鳴い,鳴き声,想像
コレ,暮らし,役立つ,おもしろ,発明,大集合,夏休み,工作,暮らし,役立つ,おもしろ,発明,大集合,東京ビッグサイト,おもしろ,発明,集まっ,記者
貴重,映像,感動,猫,友情,芽生える,一部始終,いじめ,経験,昼間,外,出,新入り,猫,日,先輩,猫,なっちゃん,前,姿,見せ,出典,http
大変,ご主人,落ち,慌て,助け,向かう,犬,愛おしい,2,ターザン,ロープ,川,飛び込ん,ご主人,見,大変,溺れ,勘違い,黒犬,大慌て,鳴き声,あげ,比較的,楽,飛び
かわいい,おいしい,ネコ,バッグ,保冷,登場,カルディコーヒーファーム,世界,猫,日,ちなん,ネコ,バッグ,保冷,1500,税込,8,8,火,数量,限定,発売
マジ,溺れ死,かけ,トカゲ,心臓,マッサージ,復活,夏,いえ,プール,海,遊ぶ,楽しい,シーズン,現在,子供,夏休み,いう,こと,あっ,市民,プール,はじめ,する,施設,連日,盛況
ねじる,簡単,猫耳,アレンジ,伊藤,弥,鈴,ベース,髪,外巻き,し,可愛い
奇跡,亡くなっ,愛犬,墓,上,犬,姿,近づい,正体,びっくり,2017,1,亡くなっ,愛犬,コスモ,お墓,訪れ,飼い主,お墓,上,コスモ,姿,飼い主,近づい,そ
ボストン,ダイナ,ミクス,二,歩行,人型,ロボット,コケ,人間,Image,NeAr,Gaming,YouTube,笑っ,いけ,鈍臭く,かわいい,ソフトバンク,傘下,ロボット,開発,企業
事件,真相,動物,保護,施設,遊び心,新しい,飼い主,探す,7,10,米,ウィスコンシン州,ある,動物,保護,施設,Fox,Valley,Humane,Association,一見,単純
夏,猫,ため,ボンネット,バンバン,夏,涼み,くる,昨日,8,8,世界,猫,日,いう,事,ツイッター,世界,猫,日,ハッシュタグ,元,我が家,猫,自慢,大会,繰り広げ
顔,怖,想像,可愛い,声,鳴く,オオヤマネコ,イエ,ネコ,一回り,大きく,眼光,鋭い,オオヤマネコ,ライオン,思わ,でっかい,前足,威圧感,たっぷり,迫力,ある,見た目,怖
犬好き,コラ,職人,がんばる,有名,映画,ポスター,自分,愛犬,仕込ん,海外,掲示,reddit,ユーザー,iamirenes,2,3,彼女,愛犬,有名,映画,ポスター,仕込む,いう,試み,行っ
癒やさ,オス,メス,双子,赤ちゃん,ホッキョクグマ,誕生,山東省,山東省,ある,水族館,ホッキョクグマ,オス,メス,双子,赤ちゃん,それぞれ,6,深夜,7,早朝,誕生,山東省,ある,水族館,ホッキョクグ
屋根,上,猫,旗,し,役,立つ,子,動画,トルコ,ある,建物,屋根,上,目撃,1,猫,カメラ,ズーム,驚く,展開,待っ,動画,ご覧,こ
ハスキー,やっ,自動車,助手席,降り,ゼウス,ダダ,こね,カラパイア,おなじみ,ダダ,こね,ハスキー,ゼウス,前回,車,トランク,下車,拒否,し,いたん,今回,助手席,降り
8,8,世界,猫,日,SNS,モフモフ,猫,猫,パラダイス,8,8,世界,猫,日,International,Cat,Day,いう,こと,Twitter,Instagram,世界,猫,日
今日,わんこ,熱い,サクラ,夏,弱い,熱,い～,前,見づらい,私,し,わん,のび,モフモフ,サクラ,熱
良かっ,家,帰っ,兵士,待っ,老犬,反応,涙,良かっ,家,帰っ,兵士,待っ,老犬,反応,涙,アメリカ,陸軍,兵士,し,訓練,キャンプ,ため,自宅
夏,猫,バンバン,必要,考える,怖い,子猫,避暑地,なっ,エンジン,ルーム,写真,話題,一見,かわいらしい,光景,見える,考える,する,猫,画像,話題,なっ,自動車,エンジン,ルーム,子猫,5
人間,4,腕,する,発明,足,動き,自由,操作,ロボット,アーム,MetaLimbs,人間,腕,同じ,1,腕,装着,足,動き,操作,し,ロボット,アーム,メタリムズ,人間,手,同じ,5,指,ロボ
怖く,入れ,ワン,カーペット,怖,ゴールデン,レトリバー,コチラ,ゴールデン,レトリバー,フローリング,カーペット,境,い,対し,恐怖心,持っ,声,かけ,ドア,前,進
驚き,結末,抜け,ニャ,い,ベビー,ベッド,挟まっ,猫,新調,ベビー,ベッド,興味津々,猫,幸せ,未来,予感,光景,出典,https,www,youtube
死ん,犬,生き返っ,墓,上,飼い主,待つ,犬,姿,現れ,いう,動画,マジ,不思議,2017,8,入り,盆休み,やっ,地域,よっ,違い,ある,しれ,ほとんど,人,時期,墓参り,し,先祖
関東,暑,ピーク,各所,35,超え,今村涼子,今,天,動画,見る,記事,きょう,今,天,こちら,台風,のち,酷暑,続出,35,くわしく,動画
2017,8,8,ヘッド,ライン,ニュース,全長,109,cm,頭,しっぽ,忠実,再現,1,10,フィギュア,ナッシー,アローラ,すがた,2017,8,8,火
Walt,Disney,Animation,Studios,Tangled,Experience,powered,by,teamLabDigital,art,firm,teamLab,brought,one,memorable,scene,from,Disney’s
小池,一,都議会,議場,一変,議長,都民,ファ,動画,見る,記事,選挙,一変,小池,一,様相,なっ,先月,東京,都議選,初,なる,都議会,行わ,都民,ファースト
8,8,世界,猫,日,猫,女性,撮り続ける,写真家,注目,海外,猫,女性,クレイジー,一生,独身,貫く,人,言っ,ネガティブ,イメージ,持た,こと,多い,そんな,女性
猫,親離れ,いつ頃,時期,注意点,つい,猫,親離れ,猫,親離れ,生後,３,練習,始まり,生後,６,間,完全,親離れ,場合,多い,親離れ,始ま
スイカ,食べ,伊豆,長崎,埼玉,那須,動物,カピバラ,スイカ,早食い,対決,カピバラ,スイカ,食べる,早,競う,4,園国,コラボ,対決,カピ,リン,ピック,カピバラ,すいか,早食い,競争,8,6,伊豆,長崎,埼玉,那須
犬,ツボ,押さえ,ワンコ,ゲーム,はまる,ブルドッグ,タブレット,見つめる,ブルドッグ,出典,https,www,youtube,com,ワンコ,ゲーム,遊ん
ピザ,宅配,チップ,渡さ,4,わたる,脅迫,手紙,残さ,件,サイコ,日本,接客,サービス,対する,心づけ,し,客,従業,支払う,チップ,制度,存在,アメリカ,料金,10,20,支払う
子猫,ハスキー,犬,クール,表情,とっ,仲良し,さ,まま,猫,耳,弄り回さ,ハスキー,姿,――,こんな,ツイート,2017,7,25,投稿,話題
インスタ,人気,写真,シリーズ,猫,女の子,2,NY,オシャレ,生活,憧れ,数,サイト,ご紹介,写真,シリーズ,猫,女の子,暮らし,2,迎え,Instagram,中心,話題,なっ,シリーズ
動物,病院,かかる,前,知っ,ポイント,連載,トゥモロー,通信,犬猫,飼い主,チェック,知っ,上手,動物,病院,かかり,動物,病院,犬,猫,連れ,行き,すれ
フランス,初,赤ちゃん,パンダ,誕生,一般,公開,2,3,中国,メディア,フランス,ボー,バル,動物,暮らす,中国,貸与,ジャイアント,パンダ,歓歓,4,夜,双子,オス,赤ちゃん,パンダ,出産,フラン
アメリカ,撮影,ファンキー,おばちゃん,ライダー,こちら,アメリカ,テキサス州,撮影,おばちゃん,映像,体,くねら,ノリノリ,バイク,運転,笑,音楽,聴き
母,犬,愛,むち,受け,子犬,優れ,盲導犬,育つ,米,研究,盲導犬,仏,パリ,近郊,訓練,センター,2016,9,16,撮影,資料,写真,AFP,時事,盲導犬,なる,ため,自制心,持ち合わせ
岩合光昭,神,前,悠々自適,マイ,ベッド,寝る,猫,岩合光昭,今週,猫,動物,写真家,岩合光昭,見つけ,いい,猫,こ,紹介,今週,猫,今回,京都府,京都市,猫,ベッド
アリス,ダイバーシティ,時代,ヴォーグ,編集長,スタイリング,女性,本家,タイヤ,カレンダー,知ら,Pirelli,ピレリ,毎年,話題,集める,芸術性,高い,カレンダー,2018
お風呂,後,恒例,アレ,ドライヤー,向け,子犬,可愛い,リアクション,3,出典,https,www,youtube,com,ちゅ,じん,とまん
背中,座っ,保護,施設,片時,離れ,2,ワンコ,幸せ,訪れる,先,どのよう,運命,待っ,2,一緒,心,決め,片時,離れ,いる,2,犬,ご紹介
尾張,VS,三河,愛知県,戦国時代,今,続い,2017,8,3,次のよう,ツイート,投稿,話題,なっ,会社,愛知県,話,出,とき,よく,私,尾張,方,言っ
止まれ,扇風機,合わせ,頭,回す,猫,動画,見る,わかる,扇風機,羽根,付い,気,なっ,回る,羽根,合わせ,頭,出典,https,ww
ここ,天国,ブルックリン,公園,現れ,7000,黄色い,風車,インスタグラム,話題,マンハッタン,セントラル,パーク,引け,取ら,自然,誇る,ブルックリン,最大,公園,プロスペクト,パーク,ローズガーデン,夏,700
Adobe,世界,ネコ,画像,ツイート,Adobe,Systems,国際,動物,福祉,基金,IFAW,定め,8,8,世界,猫,日,International,Cat,Day
かわうそ,ちわわ,125,ご報告,遅く,申し訳,あり,今年,一,みるく,永眠,漫画,登場,フィーユ,大好き,みるく,事
お姉さん,やる,犬,愛らし,笑,お姉さん,する,犬,ディーゼル,YouTube,愛らしい,可愛い,笑っ,コメント,寄せ
日本,あっ,民家,軒先,走る,路地裏,鉄道,やなせ,森林,鉄道,高知県,あっ,森林,鉄道,魚梁瀬,森林,鉄道,やなせ,しんりん,てつどう,現役,活躍,時,貴重,映像,YouTube,夢,世界,み
顔,お尻,衝撃,映像,ハムスター,予想外,力業,驚き,声,Twitter,投稿,ハムスター,衝撃,動画,話題,なっ,開い,口,塞がら,トンネル,隠れ家,入っ,横,空い
ボブ,キャップ,被り,伊藤,弥,鈴,超簡単,これだけ,ボブ,キャップ,かぶれ
野生,ゾウ,トラック,荷台,ジャガイモ,盗む,インド,森林,地帯,撮影,珍事,インド,西,ベンガル,州,ガー,ベータ,森林,地帯,走行,トラック,ゾウ,遭遇,よっ,一,停車,トラック,荷台,積ん,ジャガイモ
年収,350,万,パンダ,抱っこ,お仕事,史上,最高,楽し,お仕事,求人,募集,あっ,中国,好き,こと,仕事,でき,ハッピー,どんな,好き,こと,思っ,壁,ぶち当たる,こと,ある,もの,人
地球,クール,猫,称賛,挨拶,しかた,飼い主,うらやましい,動画,飼い猫,右手,差し出す,こちら,男性,一般的,家庭,ワン,シーン,地球,クール,猫,称賛,動画,ご覧
エサ,横取り,太っちょ,猫,ため,秘密,兵器,導入,香港,暮らす,猫,ミートボール,もともと,スリム,家族,エサ,横取り,見,通り,太っちょ,猫,なっ
犬,空腹,お腹,すい,とき,よく,見せる,5,サイン,犬,空腹,お腹,すい,とき,よく,見せる,サイン,犬,人間,言葉,話せ,愛犬家,犬,人,言う,こと,理解
警視庁,いきもの,ペット,飼う,資格,橋本環奈,台詞,大反響,フジテレビ,7,警視庁,いきもの,フジテレビ,五,放送,動物,豆知識,得,可愛らしい,刑事,ドラマ,し
シロ,フクロウ,シベリアン,ハスキー,雪景色,中,でい,ちゃこ,とまら,ロシア,極寒,風景,中,シベリアンハスキー,フクロウ,い,する,いう,何,心温まる,動画,発見,ハスキー,フクロウ
ジャンプ,読ん,かまっ,ご主人,かまっ,ほしい,猫,かなり,ご主人,かまっ,ほし,猫,Twitter,人気,集め,猫,ご主人,ひざ,上,満喫,言い
公園,気に入っ,柴犬,ハナ,テコ,動か,な,公園,帰ら,アピール,かわいい,柴犬,ハナ,公園,帰ら,アピール,かわいい,お散歩,休憩,いっ,感じ,公園,ベンチ,一休み,飼い主,ハナ
今日,わんこ,ぼく,可愛い,ぶりっこ,アイビー,写真,今日,恥ずかし,い～,かわいく,撮れ,かわい,ぶりっ子,撮,アイビー,写真
乗る,前,料金,わかる,明朗,会計,タクシー,運行,動画,見る,記事,実際,乗っ,かかる,分から,タクシー,運賃,革命,乗る,前,料金,決まる,明朗,会計,システム
痛み,伴う,極上,マッサージ,ニャンッ,声,あげる,猫,画面,伝わる,癒やし,効果,すごい,かわいらしい,天然,ボケ,超高速,猫,パンチ,ユーモラス,かわいらしい,姿,披露,どんぐり,ニャンッ,悲鳴,上げ
ニャンコ,ハリネズミ,赤ちゃん,8,ママ,お乳,あげ,子育て,奮闘,最近,日本,ペット,し,飼わ,こと,多く,ハリネズミ,体中,針,覆わ,丸い,フォルム,キュート,顔,愛くるしく,人
何,さ,怒ら,飼い主,長時間,絡ま,ダックス,人,犬,真似,さ,怒る,疑問,思っ,ユーチューバー,すし,らーめん,りく,愛犬,チュ
お気に入り,頭,シャワー,浴びる,大好き,ワンコ,洗面,シャンプー,ワンコ,嫌がっ,出典,https,www,youtube
保護,灰色,子猫,洗っ,ところ,キレイ,三毛猫,お散歩,途中,出会っ,1,子猫,黒っぽく,汚れ,痩せ,出典,https,www,youtube,com,子猫,ちゃ
関東,あす,通勤,影響,今村涼子,今,天,動画,見る,記事,きょう,今,天,こちら,関東,あす,通勤,影響,くわしく,動画
2017,8,7,ヘッド,ライン,ニュース,小説,投稿,サイト,小説家,なろ,投稿,小説,君,膵臓,たべ,原作,し,映画,現在,公開,これ,続き,2018
小悪魔,かまちょ,なで,色仕掛け,飼い主,誘う,柴犬,ノックアウト,Ameba,公式,トップ,ブロガー,ゆう,とろ,ブログ,ゆう,とろ,日記,登場,柴犬,ゆうくん,なで,飼い主,誘う,魅惑,ポーズ
柴犬,ある,ある,日本一,女優,犬,マリ,贈る,柴犬,カルタ,始まる,言葉,大きく,開い,飼い主,靴下,上,優しく,手,添える,動画,読み上げ,飼い主,穴あき,靴
守っ,あげる,赤ちゃん,寄り添う,ワンコ,赤ちゃん,顔,自分,顔,寄せる,ワンコ,出典,https,www,youtube,com,離れ,赤ちゃん,顔,見
頬袋,パンパン,ハムスター,巣箱,入っ,結果,衝撃的,衝撃的,ハムスター,動画,注目,集まっ,巣箱,入る,ハムスター,動画,投稿,ゆうき,はむ,垢,har
攻殻機動隊,ONLINE,11,29,サービス,終了,1,幕,閉じる,攻殻機動隊,ONLINE,11,29,サービス,終了,1,幕,閉じる,ネクソン,Neople,開発,PC,向け,シュ
日本一,事故,あっ,叶う,もの,甲子園,警察,ナイス,表示,交通,事故,し,不注意,起こり,もの,各県,警察,事故,減らす,様々,取り組み,し,前
欧州,ドル,円,売り,一服,米,長期,金利,下げ渋り,株式会社,フィスコ,ドル,円,欧州,市場,一,109,66,値,下げ,足元,109,80,戻す,展開,米国,10,利回り,2
パナソニック,危険,ドラッグ,成分,簡単,検出,抗体,新た,開発,パナソニック,９,危険,ドラッグ,成分,簡単,検出,抗体,新た,開発,発表,今後,検査,キット,開発,場合,１５
キヤノン,ロケット,つくる,商業,宇宙,輸送,新会社,設立,動画,画像,表示,時,こちら,キヤノン,グループ,キヤノン電子,4,ロケット,開発,関する,新会社,立ち上げる,今後,成長,見込め
長崎,原爆,日,さく裂,地点,見える,もの,８,９,長崎,原爆,日,７２,原爆,炸裂,空中,同じ,ポイント,ドローン,撮影,試み,ドローン,とらえ,映像,見え
関東,ゲリラ,豪雨,9,夜,激しい,雨,警戒,関東地方,夕方,局地的,雨,みまわ,ＪＲ,吉祥寺,駅前,突然,雨,傘,ささ,ずぶ濡れ,なっ,走る,人,ＪＲ,池袋,ホ
オフィス,ビル,牧場,東京,大手町,ウシ,ヤギ,東京,オフィス街,ど真ん中,驚き,もの,誕生,日本,農業,救う,一手,なる,しれ,東京,大手町,オフィスビ
11,女児,顔,舐め,男,保護観察,有罪,判決,今年,３,東京,足立区,１１,女子,児童,後,付け,頬,舐め,うえ,顔面,殴っ,けが,さ,罪,問わ,石田,隆一,被告,４１,裁
半年,休み,5,研修医,自殺,労災,認定,都内,総合,病院,産婦人科,勤務,３０,男性,研修医,おととし,自殺,長時間,労働,原因,し,労働基準監督署,先月
首相,江崎,沖縄,北方,担当,辞任,必要ない,認識,示す,国会,答弁,つい,お役所,原稿,読ま,発言,江崎,沖縄,北方,担当,大臣,つい,安倍,総理,辞任,必要,ない,いう,認
マツダ,負け,豊田,章男,社長,口,し,クルマ,愛,危機感,トヨタ自動車,マツダ,資本,提携,4,発表,提携,具体的,内容,1,米国,完成,生産,合弁会社,設立,2,電気,自動車
交際,男性,なり,刺し,自ら,経営,店,交際,男性,殺害,し,疑い,逮捕,女,カ,なっ,刺し,話し,いう,こと,福島県,いわき市,佐藤,幸子
岡山,水島,ヒアリ,200,女王,岡山県,９,同県,倉敷市,水島,国際,コンテナ,ターミナル,空,コンテナ,置い,エリア,強い,毒性,ある,ヒアリ,２００,見つかっ
バンコク,分譲,住宅,事業,進出,現地,不動産,大手,合弁会社,設立,東急電鉄,販売,ターゲット,都心,タイ人,外国人,投資家,東急電鉄,2017,8,8,（火）,タイ,日本人,賃貸,住宅,運営,管理,手掛ける
世界,最大級,シェア,バイク,ofo,日本,上陸,9,東京,大阪,サービス,開始,ソフトバンク,協業,世界,最大級,シェア,バイク,プラットフォーム,展開,ofo,フォ,ソフトバンク,コマース,サービス,協業,シェア,バイク,事業,日本
氾濫,原因,先人,知恵,切り通し,住民,心情,複雑,動画,見る,記事,8,未明,滋賀県,長浜市,流れる,姉川,氾濫,濁流,住宅地,流れ出し,川,水,堤防,切れ目,流れ
農道,89,男性,遺棄,疑い,知人,56,女,逮捕,農道,土,中,89,男性,遺体,見つかっ,事件,知人,女,逮捕,先月,23,茨城県,那珂市,農道,島津,一春,土
欧州,ドル,円,一,リスク,回避,流れ,株式会社,フィスコ,ドル,円,一,なり,一,109,66,下落,米朝,対立,両国,軍事,衝突,警戒,動き,振れ,地合い
9,日本,国債,市場,概況,債券,先物,150,34,終了,株式会社,フィスコ,円債,市場,長期,国債,先物,2017,9,月限,寄付,150,27,高値,150,35,安値,150,25,引け,150,34
農道,89,男性,遺棄,疑い,知人,56,女,逮捕,農道,土,中,89,男性,遺体,見つかっ,事件,知人,女,逮捕,先月,23,茨城県,那珂市,農道,島津,一春,土
欧州,ドル,円,一,リスク,回避,流れ,株式会社,フィスコ,ドル,円,一,なり,一,109,66,下落,米朝,対立,両国,軍事,衝突,警戒,動き,振れ,地合い
9,日本,国債,市場,概況,債券,先物,150,34,終了,株式会社,フィスコ,円債,市場,長期,国債,先物,2017,9,月限,寄付,150,27,高値,150,35,安値,150,25,引け,150,34
日本,愛さ,ゾウ,はな子,コップ,フチ,舞い降りる,天真爛漫,フチ,姿,心,癒さ,東京,吉祥寺,ある,井の頭,自然,文化園,暮らし,ゾウ,はな子,二,大戦,日本,やって来,ゾウ,2016,5,国内,高齢
灘,酒蔵,活性化,プロジェクト,始動,10,1,日本酒,日,ラッピング,トレイン,Go,Go,灘,五郷,運行,開始,灘,五郷,酒造,組合,神戸市,西宮市,阪神電気鉄道,株式会社,初めて,4,連携,より,灘,酒蔵,活性化,プロジェクト,取り組み,近
共有者,不明,私道,補修,円滑,要件,緩和,指針,法務省,法務省,９,長年,相続,登記,共同,所有者,一部,不明,なっ,私道,つい,補修,掘削,工事,円滑,できる,手続き,明確,方
共有者,不明,私道,補修,円滑,要件,緩和,指針,法務省,法務省,９,長年,相続,登記,共同,所有者,一部,不明,なっ,私道,つい,補修,掘削,工事,円滑,できる,手続き,明確,方
サウナ,酷暑,のち,急,雨,めまぐるしい,関東,空,動画,見る,記事,台風,過ぎ去り,9,日本,列島,気温,急上昇,都心,37,記録,関東地方,中心,今年,一,暑
今晩,NY,為替,読み筋,ドル,円,もみ合い,継続,予想,レンジ,１,１０９,５０,１１０,４０,米,６,求人,労働,移動,調査,ＪＯＬＴＳ,求人,件数,市場,予想,上回る,中,ドル
コウノトリ,げん,死ぬ,母親,誤射,人工,飼育,放鳥,鳥取,島根県,雲南市,教育,委員会,９,同市,誕生,国,特別,天然,記念物,コウノトリ,雄,１,８,午前,６,半,鳥取市,気高町,田んぼ,用水路,死
全国,天気,あす,不安定,天気,急変,注意,動画,見る,記事,こちら,昼過ぎ,東京,八王子,様子,黒っぽい,雲,伸びる,雨,柱,ピンポイント,降る,雨,姿,関東,きょ
築地,場外,火災,うけ,立ち入り検査,厨房,温度,測定,動画,見る,記事,築地,場外,市場,起き,火事,受け,東京,消防庁,立ち入り検査,行い,3,東京,中央区,築地,場外,市場
行く,全員,ニート,取締役,NEET,株式会社,新た,取締役,ニート,募集,全員,ニート,取締役,NEET,株式会社,取締役,追加,募集,行う,今回,追加,募集,あたっ,NEET,株式会社,2017,8
北原,鉱治,死去,成田,反対,運動,率いる,北原,鉱治,きたはら,こうじ,三里塚,芝山,連合,空港,反対,同盟,北原,事務,局長,９,午後,１,４６,老衰,ため,千葉県,富里市,病院,死去,９
技能,実習,違反,4000,16,賃金,厚労省,外国人,技能,実習,生,受け入れ,賃金,違法,残業,違反,あっ,し,２０１６,是正,勧告,受け,事業所,全国,４００４,上っ,こ
親子,見学会,アピール,必至,豊洲,市場,課題,山積,動画,見る,記事,豊洲,市場,移転,巡り,地元,不満,声,上がっ,し,なか,東京都,豊洲,市場,追加,安全,対策,工事
ヤギ,ボンネット,占拠,車,動か,動画,見る,記事,ボンネット,乗っ,ヤギ,車,動かし,これ,なら,女性,ノー,ノー,女
できる,大家,おしい,大家,どこ,違う,金融,機関,融資,得る,コツ,できる,大家,物件,購入,検討,金融,機関,紹介,訪問,事業,し,物件,購入,検討,スタンス,アプローチ,し,金融
お盆,期間,高速,走行,パンク,ガス欠,注意,JAF,出発,車両,点検,よびかけ,JAF,ロードサービス,参考,画像,JAF,日本,自動車,連盟,お盆,期間,高速道路,パンク,燃料切れ,トラブル,多発,し,運
台風,5,長寿,最後,2,割れ,台風,2017,08,09,17,50,ウェザーニュース,19,渡り,存在,台風,5,8,8,3,山形,沖,温帯,低気圧,変わり
マザーズ,先物,概況,反落,円高,進行,地政学,リスク,再燃,株式会社,フィスコ,9,マザーズ,先物,反落,22,pt,1082,pt,下落,1.99,取引,終え,高値,1105,pt,安値,10
日経,平均,テクニカル,想定,範囲,もち合い,レンジ,下,放れ,株式会社,フィスコ,大幅,下落,直近,もち合い,レンジ,下放,5,25,ほか,一目,均衡,雲,上限,転換,基準,攻防,続
ケンコーマヨネーズ,---,1,売上高,2.8,181.63,億,いずれ,商材,順調,売上,拡大,株式会社,フィスコ,ケンコーマヨネーズ,2915,4,2018,3,1,四半期,17,4,6,連結,決算,発表,売上高,前年
ソルクシーズ,---,資本,業務,提携,エーアイ,欧州,最大手,多言語,音声,合成,技術,企業,協業,日本,総代理店,株式会社,フィスコ,ソルクシーズ,4284,9,同社,資本,業務,提携,エーアイ,本社,東京都,文京区,多言語,音声,合成,エンジン,提供
Nintendo,Switch,販促,ヤマダ電機,お詫び,ヤマダ電機,8,8,同社,Web,サイト,お知らせ,ページ,Nintendo,Switch,販売,関する,お知らせ,掲載,一部,店舗
稲田,招致,与党,認め,10,閉会,審査,日報,問題,南,スーダン,国連,平和維持,活動,ＰＫＯ,日報,問題,めぐり,衆院,安全保障,参院,外交,防衛,委員会,１０,閉会,審査,行う,野党,稲田朋美,防
多彩,ツール,付属,コードレス,掃除機,パワー,ブースト,サイクロン,PV-BEH,900,パワー,ブースト,サイクロン,PV-BEH,900,日立,アプライアンス,8,9,多彩,ツール,付属,コードレス,スティック,クリーナー
アジア,発信,ネム,世界,熱視線,アルト,コイン,評価,ニュース,株式会社,フィスコ,アジア,発信,ブロック,チェーン,技術,ネム,NEM,注目,浴び,ネム,個人,貸し手,借り手,インターネ
売買,審査,業務,AI,適用,関する,実証,実験,開始,株式会社,フィスコ,株式会社,SBI,証券,関東,財務,局長,金商,44,FinTech,技術,活用,一環,し,日本電気,株式会社,NEC
ハピネット,---,1,決算,好調,滑り出し,テレビ,ゲーム,事業,好調,増収,増益,株式会社,フィスコ,ハピネット,7552,9,2018,3,1,四半期,17,4,6,連結,決算,発表,売上高,前年,同期比,7
ブリヂストン,タイヤ,需要,堅調,通期,営業益,4640,億,上方,修正,ブリヂストン,8,9,2017,1,6,2,四半期,累計,連結,決算,発表,それ,よる,売上高,1,兆,7428,億,前年,同期比
円相,109,81,82,9,午後,5,現在,９,東京,外国,市場,円相,午後,５,現在,１,１０９,８１,８２,前日,１１０,５７,５８,比べ,７６,円高,ドル安
ダンロップ,ウインター,マックス,02,CUV,対応,サイズ,追加,専用,チューニング,性能,向上,ダンロップ,ウインター,マックス,02,住友ゴム工業,ダンロップ,スタッドレス,タイヤ,ウインター,マックス,02,CUV,Crossov
岡山,水島,ヒアリ,200,女王,アリ,2,見つかる,環境省,岡山県,倉敷市,ある,水島,強い,毒,持つ,外来種,ヒアリ,２００,確認,発表,羽,ある,女王,アリ,２
決算,ピーク,不安定,相場,展開,継続,クロージング,株式会社,フィスコ,9,日経,平均,大幅,下落,257.30,19738.71,出来高,概算,20,億,6000,万,取引,終え,8
日経,平均,寄与,ランキング,大引け,日経,平均,大幅,続落,信越,ファーストリテ,値下がり,寄与,上位,株式会社,フィスコ,9,大引け,時点,日経,平均,構成,銘柄,騰落,値上がり,31,値下がり,187,変わら,7,なっ,日経,平均
SUMCO---,急落,増産,よる,市況,悪化,懸念,ベスト,シナリオ,評価,見方,株式会社,フィスコ,SUMCO,3436,急落,17,12,2,四半期,営業,利益,前年,同期比,180,173,億,コン,センサ
JASDAQ,平均,反落,下落,トップ,14,アトミクス,株式会社,フィスコ,JASDAQ,市況,JASDAQ,平均,3324.60,20.50,出来高,1,億,2067,万,売買,代金,65
芙蓉,総合,リース,---,米国,フロンティア,航空,仏,エアバス,航空機,2,リース,取引,実行,株式会社,フィスコ,芙蓉,総合,リース,8424,8,米国,デンバー,拠点,する,フロンティア,航空,仏,エアバス,321,200,2
高知,AI,対話,システム,開発,Nextremer,産業,革新,機構,4.7,億,資金,調達,AI,対話,システム,研究,開発,行う,ベンチャー,企業,Nextremer,8,8,産業,革新,機構,以下,INCJ,高知銀行,引受
モバイル,決済,コイ,ニー,三井住友,海上,キャピタル,三菱,UFJ,キャピタル,3,億,資金,調達,モバイル,決済,サービス,Coiney,提供,コイ,ニー,8,9,三井住友,海上,キャピタル,三菱,UFJ,キャピタル,それぞれ,運営,ファン
ダイフク,---,大幅,反発,通期,予想,上方,修正,配当,予想,増額,材料視,株式会社,フィスコ,ダイフク,6383,大幅,反発,1,四半期,営業,利益,前年,同期比,53.6,66.65,億,着地,一部,市場,予想,5
生鮮,食材,最短,1,届ける,VEGERY,PR,会社,ベクトル,資金,調達,生鮮,食品,デリバリー,サービス,VEGERY,運営,ベジオベジコ,8,9,東証,一部,上場,PR,会社,ベクトル,資金,調達,実施
9,中国,本土,市場,概況,上海,総合,0.2,3,反落,金融,セクター,売り,株式会社,フィスコ,9,中国,本土,市場,値下がり,主要,指標,上海,総合,指数,前日比,6.30,0.19,3275.57,ポイン
9,PTS,注目,ポイント,三井金属,マクドナルド,業績,予想,上方,修正,石川,関東,航空計器,子会社化,三井金属,lt,5706,gt,機能,材料,セグメント,主要,製品,需要,好調,１８,３,２,四半期,１７,４,９,連結,業績,予想
東証,業種,ランキング,石油,石炭,上昇,トップ,JXTG,3,超え,株式会社,フィスコ,石油,石炭,上昇,トップ,JXTG,5020,3,超える,上昇,なっ,インパクト,大きい,国内,証券,投資,判断,買い
欧米,見通し,ドル,円,弱含み,米朝,緊張,受け,リスク,回避,円買い,株式会社,フィスコ,今日,欧米,外為,市場,ドル,円,弱含む,展開,予想,米朝,緊張,高まり,背景,リスク,回避,円買い,継続,見
9,香港,市場,概況,ハンセン,0.4,4,反落,金融,セクター,売り,株式会社,フィスコ,9,香港,市場,値下がり,主要,50,構成,ハンセン,指数,前日比,97.82,0.35,27757
決算,千代化,17,4,6,減収,大幅,減益,米,LNG,事業,遅延,千代田化工建設,２０１７,４,６,連結,業績,減収,大幅,減益,米国,天然ガス,液化,基地,建設,工事,遅れ,ため,追加,費用,計上,こと
バニラエア,東京,成田,沖縄,那覇,函館,セール,片道,"3,480",バニラエア,8,10,午後,6,14,午後,11,30,国内,2,バニラ,SALE,開催,設定,路線,片道
パナソニック,自律,走行,電動,車いす,公開,実証,実験,羽田空港,開始,WHILL,NEXT,よる,自律,走行,公開,実証,実験,イメージ,パナソニック,ロボット,電動,車いす,WHILL,NEXT,よる,自律,走行
電力,訴える,緊急,メール,84,万,誤送信,経産省,謝罪,北海道,ドコモ,ユーザー,84,万,電力,訴える,メール,届い,画像,イメージ,AC,9,午前,北海道,ドコモ,ユーザー,携帯,電
原発,事故,汚染,車両,中古車,市場,流通,動画,見る,記事,福島,一,原発,敷地,止め,2,行方,今,分かっ,原発,事故,際,汚染,車,一部,中古車,市
9,午後,5,円相,1,109,82,83,9,東京,外国,市場,円相,午後,5,現在,前日,比べ,76,円高,ドル安,1,109,82,83,取引
30,医師,過労,自殺,残業,170,労災,認定,東京,東京,都内,総合,病院,勤務,３０,男性,医師,自殺,月,１７０,超える,長時間,労働,原因,し,品川,労働基準監督署,労災,認
2,打ち上げ,12,延期,気象,条件,悪化,鹿児島,種子島,三菱重工業,宇宙,航空,研究,開発,機構,ＪＡＸＡ,９,鹿児島,種子島,宇宙,センター,１１,予定,Ｈ,２,Ａ,ロケット,３５,機,打ち上げ
10,天気,低気圧,日本海側,強雨,注意,2017,08,09,17,57,ウェザーニュース,10,木,日本,列島,周辺,複数,低気圧,東北,西日本,中心,雨,降り
9,17,57,最大,震度,1,震源地,トカラ,列島,近海,９,１７,５７,ころ,地震,あり,地震,よる,津波,心配,あり,発生,時刻,2017,08,09,17,57,震源
豊田,真由子,会っ,政策,秘書,就任,青森,町議,会見,政策,秘書,暴言,暴行,自民党,離党,届,提出,豊田,真由子,衆院,議員,４２,埼玉,４,区,新た,政策,秘書,青森県,板柳町,松森,俊逸,町議
江崎鉄磨,沖北,言葉,日米,地位,協定,見直し,発言,釈明,沖縄県,訪問,江崎鉄磨,沖縄,北方,担当,９,那覇空港,記者,対し,日米,地位,協定,見直し,言及,８,発言,つい,言葉
9,17,57,最大,震度,1,震源地,トカラ,列島,近海,９,１７,５７,ころ,地震,あり,地震,よる,津波,心配,あり,発生,時刻,2017,08,09,17,57,震源
豊田,真由子,会っ,政策,秘書,就任,青森,町議,会見,政策,秘書,暴言,暴行,自民党,離党,届,提出,豊田,真由子,衆院,議員,４２,埼玉,４,区,新た,政策,秘書,青森県,板柳町,松森,俊逸,町議
江崎鉄磨,沖北,言葉,日米,地位,協定,見直し,発言,釈明,沖縄県,訪問,江崎鉄磨,沖縄,北方,担当,９,那覇空港,記者,対し,日米,地位,協定,見直し,言及,８,発言,つい,言葉
原発,新設,国,計画,明記,見送り,厳しい,世論,意識,動画,見る,記事,9,国,エネルギー,計画,見直し,論議,始まり,原発,新設,明記,見送ら,方向,自民党,電力,業界
原発,新設,求める,声,エネルギー,計画,議論,開始,経産省,経済産業省,９,総合,資源,エネルギー,調査会,基本,政策,分科会,会長,坂根,正弘,コマツ,相談,開き,２０３０,国,エネルギー,政策,方針
ロフト,訪日,外国人,人気,お土産,TOP,3,日本,政府,観光,7,19,平成,29,上期,訪日,外国人,旅行者,過去,最多,1375,万,発表,ロフト,平成,26,新店,中心
投資,ヒント,決算,集計,速報,PART,6,決算,受け,株価,急伸,銘柄,7,下旬,スタート,3,決算,企業,1,四半期,4,6,決算,発表,本格,し,なか,今週,数多く,企業,決算,発表,行
東芝,10,今年,3,有価証券,報告書,提出,深刻,経営難,陥っ,東芝,今月,１０,提出,期限,なっ,今年,３,有価証券,報告書,つい,１０,関東,財務局,提出,発表
全国,猛暑,38,超え,東京,都心,37,超え,台風一過,なっ,９,午前,各地,猛烈,暑,なり,午前,１１,上野動物園,手元,温度計,３８,超え
ニンテンドー,スイッチ,マイ,ニンテンドー,ストア,8,22,注文,10,お届け,ニンテンドー,スイッチ,マイ,ニンテンドー,ストア,8,22,注文,10,お届け,任天堂,マイ,ニンテンドー,ストア,ニン,テン
ヤマト運輸,ドライバー,業務,負担,軽減,新型,保冷車,開発,ドライバー,業務,負担,軽減,ヤマト運輸,新型,保冷車,画像,見る,ヤマト運輸,夜間,電力,蓄電,可能,蓄冷,活用,こと,クール
8,9,大引け,勝っ,人,買っ,株,売っ,株,本日,高値,"20,318",付け,昨日,2017,6,20,8,8,勝っ,人,本日,買っ,株,売っ,株,本日
ガソリン,2,値上がり,資源エネルギー庁,９,発表,レギュラー,ガソリン,１,店頭,価格,７,時点,全国,平均,前週,０．２,高い,１３１．２
もんじゅ,廃炉,月末,申請,福井県,知事,会談,林,文科相,林芳正,文部,科学,９,廃炉,方針,決まっ,高速,増殖,原型炉,もんじゅ,福井県,めぐり,文科省,西川,一誠,同県,知事,会談,中
13,機関,台風,進路,予想,精度,検証,今後,課題,2017,08,09,16,48,ウェザーニュース,18,18,渡り,存在,台風,5,8,9,3,温帯,低気圧,変わり
茂木,大臣,週刊,誌,公選法,違反,疑惑,報道,反論,動画,見る,記事,茂木,経済,再生,担当,大臣,週刊,新潮,記事,反論,衆議院,手帳,カレンダー,選挙区,配っ,公職,選
四川省,九寨溝,大地震,救援,車両,立ち往生,中国,四川省,アバ,チベット族,自治州,九寨溝,県,8,午後,9,19,マグニチュード,7．0,地震,発生,写真,四川省,武,県,古城,鎮
研修医,懲役,8,求刑,女性,酔わ,暴行,さいたま,地裁,女性,酒,酔わ,抵抗,状態,し,暴行,し,準強姦,ごうかん,罪,問わ,研修医,上西,崇,被告,３２,論告,求刑,公判
国内,公道,走行,可能,電動,キックボード,登場,折りたたん,運,ナンバー,プレート,目,入ら,かー,UNITS,運営,TeamPMB,チーム,パソ,モビ,クラウド,ファンディング,サイト,CAMP
江崎,沖縄,北方,日米,地位,協定,見直し,言及,最後,修正,原稿,棒読み,内閣,改造,就任,江崎鉄磨,沖縄,北方,73,初,就任,会見,お役所,原稿,読ま,発言,呆れ
中国,九寨溝,大地震,現地,様子,中国,九寨溝,地震,被害,全容,わかっ,ところ,多く,あり,世界,遺産,し,日本人,多く,訪れる,中国,景勝,起き,今回
グアム,周辺,ミサイル,発射,検討,北朝鮮,軍事,挑発,グアム,周辺,向け,ミサイル,発射,検討,北朝鮮,朝鮮,人民,新た,アメリカ,威嚇,声明,発表,北朝鮮,ねらい,先
中国,九寨溝,6.5,地震,日本,人気,世界,遺産,何,おびえ,様子,観光客,避難,中国,有数,観光地,四川省,九寨溝,８,夜,起き,マグニチュード,６．５,地震,これまで,１３,死亡
パリ,郊外,兵士,車,突っ込む,6,負傷,うち,2,重傷,フランス,パリ,郊外,ルヴァロワ,ペレ,現地,時間,午前,８,警戒,複数,兵士,車,突っ込み,逃走,これまで,兵士,６
日韓,軍事,協定,終了,通告,期限,迫る,韓国,市民,団体,破棄,求め,デモ,ネット,賛同,終了,敵対,国,軍事,協定,あり得,8,韓国,聯合,ニュース,よる,昨年,11,締結,日韓,秘密,軍事,情報,保護,協定,終了,韓国,政府,日本,通知,期日,今月,24
スペイン,カナリア,諸島,藻,大量,発生,観光客,注意,喚起,スペイン,領,カナリア,諸島,テネリフェ,沖合,微細,藻類,大量,発生,変色,海面,2017,8,5,撮影,AFP,時事,スペ
北,反論,削除,重大,懸念,表明,ARF,議長,声明,動画,見る,記事,ASEAN,東南,アジア,諸国,連合,関連,会合,議長,声明,採択,北朝鮮,重大,懸念,表明,草案
不敬,罪,禁錮,20,判決,ネット,王室,中傷,タイ,バンコク,時事,タイ,王室,中傷,音声,データ,インターネット,掲載,し,バンコク,軍事,裁判所,９,タイ人,男性,不敬,罪,禁
空母,レーガン,帰港,北朝鮮,米韓,訓練,備え,横須賀,横須賀,基地,神奈川県,帰港,米,原子力,空母,ロナルド,レーガン,９,米海軍,提供,米,原子力,空母,ロナルド,レーガン,９,横須
今晩,NY,株,読み筋,北朝鮮,リスク,受け,続落,９,米国,株式,市場,北朝鮮,リスク,受け,続落,なり,８,北朝鮮,核弾頭,小型,成功,報道,あっ,ほか,トランプ
7.0,地震,九寨溝,周辺,200,3.0,5,142,発生,中国,9,新京報,四川省,北部,アバ,チベット族,自治州,九寨溝,県,8,午後,9,19,発生,マグニチュード,7．0,地震,関連
パリ,郊外,兵士,集団,車,突っ込む,6,負傷,テロ,パリ,時事,９,午前,８,日本,時間,同日,午後,３,ごろ,パリ,郊外,ルバロワペレ,テロ,警戒,作戦,担当,兵士,集団,車,突っ込み,兵士,６
酒田市,弾道,ミサイル,避難,訓練,英,BBC,報道,国際,社会,笑い者,ネット,大荒れ,日本,国内,各所,行わ,弾道,ミサイル,飛来,住民,避難,訓練,様子,英,BBC,放送,世界,向け,発信,し,ツイッター,完全
中国,企業,よる,中国,マクドナルド,買収,完了,中国人,経営,安全性,心配,マクドナルド,食べ,中国,ネット,9,中国,メディア,財経,網,中国,中信,集団,カーライル,グループ,よる,中国,マクドナルド,買収,完了,伝え,これ,対し,中国,ネ
寄稿,金融,危機,10,今,次,なる,危機,備えよ,――,筆者,デービッド,ウェッセル,ウォール,ストリート,ジャーナル,WSJ,コラムニスト,ブルッキングス,研究所,ハッチンス,財政
エジプト,大統領,踏み切っ,危険,賭け,――,筆者,ヤロスラフ,トロフィモフ,WSJ,中東,担当,コラムニスト,カイロ,エジプト,アブデル,ファタ,シシ,大統領,2011
中国,夢,アップル,悪夢,規制,屈する,米,IT,企業,上海,米,コンサルティング,大手,APCO,ワールド,ワイド,中国,支社,代表,務める,ジェームス,マグレガー,2005,出版,ベストセラー
朝鮮半島,有事,投資法,2,北朝鮮,自滅,シナリオ,フィスコ,世界,経済,金融,シナリオ,分析,会議,株式会社,フィスコ,朝鮮半島,有事,今後,展開,し,どのよう,シナリオ,起こり,不確実性,増す,昨今,未来,シナリオ
明日,日本株,読み筋,神経質,展開,北朝鮮,リスク,くすぶり,関連,ニュース,にらむ,あす,１０,東京,株式,市場,神経質,展開,北朝鮮,リスク,再燃,９,日経,平均,株価,１,万,９７３８,前日比,２５７,引け,大幅,反落
2017,8,9,ヘッド,ライン,ニュース,アニメ,クラウド,ファンディング,1,億,集め,Dies,irae,PV,2,解禁,なり,放送,開始,2017,10,6,こ
海外,留学生,四川,チベット,文化,体験,中国,中国,体験,2017,海外,留学生,四川,ツアー,参加,ポーランド,ロシア,ネパール,ベトナム,インド,10,来,留学生,20,四
2,3,韓国,旅,韓国,美人,秘密,迫る,チバテレ,8・26,放送,特別,番組,韓国,美人,秘密,迫る,2,3,美しく,健康,韓国,旅,チバテレ,8,26,（土）,放送,韓国,女性,間,浸
カタール航空,UAE,バーレーン,領空,乗り入れ,可能,2,アラブ,首長国,連邦,UAE,バーレーン,カタール航空,領空,乗り入れ,許可,アルジャジーラ,報じ,もの,国際,航空,運送,協会
日本人,韓国,歴史館,慰安婦,写真,寄贈,日本,過去,謝罪,韓国,ネット,称賛,希望,見え,日本,全体,憎ん,いけ,8,韓国,メディア,よる,日本人,男性,韓国,釜山,出身,慰安婦,写真,日本,統治,時代,資料,数十,寄贈,これ,韓国,ネット
スターリング,スキャンダル,夜,生活,楽しむ,支払い,ケチる,イングランド,代表,MF,ラヒーム,スターリング,アメリカ,ツアー,夜,生活,満喫,支払い,渋っ,ケチ,呼ばわり,さ,イギリス
北海道,行方不明,中国人,女性,行き先,ヒット,映画,ロケ地,中国,メディア,9,北海道,行方不明,なっ,中国人,女性,危,秋潔,つい,澎湃,新聞,捜索,範囲,中国,ヒット,映画,ロケ地,拡大,こと,伝え
兵士,車,衝突,6,負傷,仏,パリ,郊外,対,テロ,班,捜査,仏,カレー,撮影,警察,車両,2014,12,18,撮影,AFP,時事,フランス,パリ,郊外,9,巡回,兵士,車,1,衝突
ネパール,入管,職員,人身売買,組織,共謀,報告書,ネパール,カトマンズ,トリブバン,国際空港,2015,3,6,撮影,資料,写真,AFP,時事,ネパール,議会,委員会,8,同国
中国,説得,天,上る,難しい,中韓,通貨,スワップ,協定,更新,絶望的,韓国,メディア,8,環球,網,THAAD,配備,問題,中韓,関係,冷却,中,10,10,期限,迎える,中韓,通貨,スワップ,協定,継続,難しい,状況,す
700,歴史的,建物,洪水,完全,姿,現す,中国,湖北省,州,市,ある,歴史的,建物,洪水,水没,水害,耐え,姿,現し,2017,8,7,豪雨,よる,洪水,湖南省,湖北省
日本,どこ,清潔,いう,話,大袈裟,日本,ゴミ,散乱,場所,あっ,中国,報道,日本,どこ,清潔,いう,話,大袈裟,日本,ゴミ,散乱,場所,あっ,中国,報道,日本,訪れる,中国人,旅行客,口々,称賛,こ
竹島,韓国,領,証明,韓国人,教授,集め,資料,1100,寄贈,韓国,ネット,国,す,こと,管理,心配,8,韓国,メディア,韓国,教授,10,わたり,私費,投じ,集め,独島,韓国,近代,関連,資料,独立,記念館,寄贈,伝え,これ
二,大戦,開戦,とき,ドイツ,海軍,戦争,準備,整っ,深海,灰色,狼,二,世界,大戦,大西洋,おい,連合国,戦慄,ドイツ,海軍,潜水艦,ボート,まつわる,物語,オムニバス,連載,紹介
弟,姉,名誉,殺人,結婚,反対,相手,駆け落ち,パキスタン,パキスタン,イスラマバード,行わ,名誉,殺人,対する,抗議,デモ,殺人,名誉,ない,書か,プラカード,掲げる,人権,活動家,2014
夏休み,世界,遺産,直撃,中国,四川省,地震,死者,19,救助,難航,北京,時事,中国,四川省,北部,８,夜,発生,マグニチュード,Ｍ,７．０,地震,夏休み,多く,観光客,訪れ,世界,遺産,九寨溝,直撃
四川,地震,劇場,関係者,犠牲,観客,特殊,効果,勘違い,中国,9,央,広,網,よる,中国,四川省,アバ,チベット族,自治州,九寨溝,県,8,夜,起き,地震,現地,劇場,関係者,犠牲,なっ,こと
パーム,油,除去,多く,ボランティア,船舶,事故,流出,香港,香港,ラマ,浜,打ち上がっ,凝固,パーム,油,除去,ボランティア,2017,8,8,撮影,AFP,時事,中国,海域,発
三菱,重工,韓国,賠償,命じ,控訴,韓国,メディア,8,太平洋,戦争,女子,勤労,挺身,隊員,し,名古屋市,軍需,工場,徴用,韓国人,女性,遺族,2,三菱重工業,損害,賠償,求め,裁判
一生,一度,日本,行,秋,京都,行く,中国,報道,し,一生,一度,日本,行,秋,京都,行く,中国,報道,日本,四季,美しい,中国,地域,よっ,四季,存在
駐機,航空機,雷,直撃,空港,職員,感電,重傷,米,動画,あり,米,フロリダ州,フォート,マイヤーズ,ある,空港,駐機,飛行機,雷,落ち,側,作業,し,職員,感電,事故,発生
中国人,観光客,ドイツ,ナチス,敬礼,ポーズ,取っ,逮捕,世界,戦争,おい,さまざま,残虐,行為,行わ,ドイツ,独裁者,ヒトラー,よる,ユダヤ人,大量,虐殺,今
ケニア,大統領選,現職,候補,リード,野党,候補,不正,主張,ケニア,キアンブ,投票,臨む,ウフル,ケニヤッタ,大統領,2017,8,8,撮影,AFP,時事,8,投票,行わ,ケニア,大統
カナダ,高官,訪朝,拘束,牧師,解放,協議,オタワ,ＡＦＰ,時事,カナダ,首相,報道官,８,北朝鮮,投獄,韓国,カナダ,牧師,リム,ヒョンス,釈放,問題,話し合う,ため,ジャン,国家
核,ミサイル,計画,進展,危機感,米,大統領,火力,警告,北朝鮮,グアム,威嚇,ワシントン,時事,北朝鮮,核,ミサイル,計画,予想,上回る,ペース,進ん,こと,米政府,危機感,強め,トランプ,大統領
テーブル,席,公然,排泄,ハエ,卵,混入,スープ,中国,飲食店,衛生,状態,ヤバ,杭州,レストラン,ほか,客,食事,し,前,子ども,大便,さ,母親,以前,サイト,地下鉄,車内,子ども,小便,さ,親,紹介
韓国,日本,防衛,白書,竹島,領有,主張,抗議,中国,メディア,8,今年,防衛,白書,島根県,竹島,日本,領土,記載,こと,受け,韓国,外交,強く,抗議,撤回,求める,報道官,論評,出し,資料
LIBOR,訴訟,バークレイズ,銀行,和解,合意,法律,事務所,BW,ビジネス,ワイヤ,サスマン,ゴドフリー,法律,事務所,ハウスフェルド,法律,事務所,米,ドル建て,ＬＩＢＯＲ,ロンドン,銀行,取引,金利,訴訟,バー
人身売買,入管,職員,協力,湾岸,諸国,仕事,だます,ネパール,カトマンズ,ＡＦＰ,時事,ネパール,議会,８,報告書,公表,女性,湾岸,諸国,売る,人身売買,つい,国際空港,入管,職員,航空,職員
中国,仲介,対話,北朝鮮,問題,元米,高官,ジョセフ,デト,ラニ,米国,朝鮮半島,和平,担当,大使,ワシントン,時事,米国,ブッシュ,子,政権,朝鮮半島,和平,担当,大使,務め,ジョセフ
差し迫っ,脅威,なし,北朝鮮,威嚇,グアム,知事,ワシントン,時事,北朝鮮,米領,グアム島,周辺,弾道,ミサイル,発射,検討,表明,こと,受け,グアム,エディ,カルボ,知事,現地,時間
中国,新疆,ウイグル,自治区,6.6,地震,中国,西部,新疆,ウイグル,自治区,マグニチュード,6.6,地震,あり,中国,地震,より,日本,時間,9,午前,8,27,新疆
四川省,起き,大規模,地震,現地,日韓,観光客,中国,メディア,9,環球,網,よる,8,夜,四川省,起き,マグニチュード,7．0,地震,関し,同省,管轄,重慶市,日本,総領事館,9,午前,6,時点
イスラエル,首相,汚職,疑惑,包囲,辞任,エルサレム,時事,イスラエル,ネタニヤフ,首相,汚職,疑惑,揺れ,首相,側近,検察,証人,なる,こと,合意,こと,首相,辞任
米,空母,初,ベトナム,寄港,中国,軍事,拠点,けん制,国防,会談,ワシントン,時事,マティス,米国,防,長官,８,国防総省,ベトナム,ゴ,スアン,リック,国防,会談,２０１８,米,空母,ベトナム
IS,掃討,足踏み,残る,爆弾,帰還,進ま,モスル,制圧,1,イラク,カイロ,時事,過激派,組織,イスラム,国,ＩＳ,イラク,最大,拠点,し,北部,モスル,イラク,奪還,１,経過,９
世界,革新的,企業,100,セールスフォース,3,首位,フォーブス,8,8,今年,世界,革新的,企業,リスト,発表,7,ランキング,発表,なる,今回,3,米,IT,企業,セー
日本,中学生,中国,伝統,工芸,影絵,芝居,体験,河北省,河北省,石家荘,ある,河北,博物院,4,午後,日本,長野県,訪れ,00,2000,生まれ,中学生,結成,交流,中国
NY,ブランド,難民,ドレス,非難,殺到,改名,難民,ドレス,クリーム,ネイビー,ブラック,3,展開,UZI,NYC,ウェブ,サイト,ニューヨーク,ブルックリン,店舗,構
四川省,地震,日本,ある,動画,急速,シェア,中国,9,四川省,九寨溝,マグニチュード,7．0,地震,発生,中国,ツイッター,微博,地震,発生,災害時,役立つ,ライフ,ハック
手話,できる,オランウータン,チャン,テック,死ぬ,39,米,動物,園雄,オランウータン,チャン,テック,アトランタ,動物,提供,2017,8,8,提供,AFP,時事,手話,人間,コミュニケーション
メキシコ,巨大,パパイヤ,109,集団,食中毒,NY,1,死亡,米国,メキシコ,パパイヤ,全米,食中毒,CDC,米,疾病,予防,管理,センター,CDC,8,メキシコ,輸入,パパイヤ,食べ,東部,16,州
レミー,ワニ,英,バンド,ちなみ,命名,ジュラ紀,生息,ジュラ紀,海,生息,レミスクス,想像,2017,8,8,公開,AFP,時事,音楽,英,科学者,チーム,9,ジュラ
米,CIA,拷問,関与,心理,学者,2,裁判,開始,キューバ,グアンタナモ,ある,米海軍,基地,連行,収容者,2006,12,6,撮影,AFP,時事,米,中央,情報局,2001,9
弾道,ミサイル,グアム,周辺,北朝鮮,発射,作戦,検討,声明,北朝鮮,朝鮮,人民,アメリカ,戦略,拠点,グアム,周辺,向け,新型,中,距離,弾道,ミサイル,火星,１２,発射,作戦,検討
警察,ヘリ,性行為,ヌード,盗撮,警官,禁錮,1,英,英国,警察,ヘリコプター,2011,9,19,撮影,資料,写真,AFP,時事,英国,警察官,8,警察,ヘリコプター,使っ,他人
いう,こと,日本,料理,世界,高級,見なさ,理由,中国,いう,こと,日本,料理,世界,高級,見なさ,理由,中国,洋食,中華,イタリア,料理,スペイン,料理,インド,料理,タイ
戦車,男,正体,中国人,語る,六四,天安門,事件,報道,欺瞞,中国人,漫画家,孫,向,文,2017,7,22,香港,新聞,果,日報,1989,6,発生,六四,天安門,事件
世界,遺産,地震,13,死亡,観光客,多数,足止め,動画,見る,記事,中国,西部,マグニチュード,7.0,地震,あり,地震,起き,四川省,九寨溝,県,これまで
韓国,外交,中国側,協議,国交,樹立,25,行事,中国,韓国,開催,韓国,メディア,8,韓国,外交,宣,南国,報道官,中国,人民,対外,友好,協会,24,韓中,国交,樹立,25,記念,行事,中国,ある,韓国,大使館,別,開催
グアム,周辺,ミサイル,作戦,米,重大,警告,動画,見る,記事,北朝鮮,朝鮮,人民,戦略,距離,弾道,ミサイル,火星,12,アメリカ,領,グアム,周辺,向け,発射,作戦,検討
果物,野菜,入れ,光,当てる,残留,農薬,除去,スーパー,ビニール,Case,Safety,Bags,ワールド,ワイド,チェーン,展開,行う,スーパー,マーケット,Tesco,中国,実施,消費者,安心
中国人,中国,いう,国,信じ,中国人,信じ,米,メディア,8,米,ビジネス,メディア,クオーツ,このほど,中国人,中国,いう,国,信じ,中国人,信じ,こと,調査,結果,明らか
これ,日本人,日本,居酒屋,働い,人情,感動,中国,報道,これ,日本人,日本,居酒屋,働い,人情,感動,中国,報道,中国,日本,居酒屋,真似,店,増え,これ,中国,大人気
内縁,男性,殺害,中間,論告,被告,犯行,明らか,青酸,連続,不審,死,京都,地裁,京都,大阪,兵庫,３,府県,起き,青酸,化合物,使っ,連続,不審,死,事件,男性,４,対する,殺人,罪,問わ,筧,千佐子,被告,７０,裁判,裁
橋下,徹,嫌わ,政府,隠蔽,体質,安倍,政権,態度,振る舞い,支持,低下,原因,謝る,とき,徹底,謝る,間違っ,確信,ある,とき,徹底,持論,主張
東大寺,落書き,ハングル,書か,韓国人,名,韓国,物議,国,恥,韓国人,仕業,いう,証拠,ない,8,世界,遺産,東大寺,奈良市,ハングル,み,落書き,見つかり,警察,捜査,始め,こと,9,韓国,報じ,物議,醸し
中央,アフリカ,赤十字,職員,60,死亡,ジェノサイド,兆候,中央,アフリカ,町,ブリア,巡回,国連,平和維持,活動,部隊,隊員,2017,6,12,撮影,AFP,時事,紛争,続く,中央,アフリカ
24,飛行,停止,検討,オスプレイ,事故,受け,米,海兵隊,米軍,普天間,飛行場,周辺,旋回,輸送機,オスプレイ,２０１６,１２,沖縄県,宜野湾市,ワシントン,時事,米,ＡＢＣテレビ,８,米,海兵隊,全
マクドナルド,中国,事業,拡大,2022,4500,目指し,出店,加速,中国,米国,ドナルド,トランプ,政権,貿易,産業,政策,関し,批判,こと,多い,中国,拡大,目指す,米国,レストラン,業界
空,自機,米,爆撃機,訓練,九州,上空,北朝鮮,けん制,共同,訓練,実施,航空自衛隊,Ｆ,２,戦闘機,下,２,米軍,Ｂ,１,Ｂ,戦略,爆撃機,８,九州,周辺,上空,航空自衛隊,提供,防衛省,９,航空自衛隊
悪童,バロテッリ,スピード,違反,スピード,違反,捕まっ,バロテッリ,ここ,しばらく,大人しく,し,バロテッリ,騒動,起こし,今回,ピッチ,なく,高速道路,事件
日本,大型,免税店,中国人,だまし,中国人,衝撃,走る,日本,ニュース,番組,日本,免税店,中国人,観光客,食い物,し,報じ,こと,中国,ツイッター,伝え,資料,写真,2
コーラン,鵜呑み,する,危険,宗教,聖典,記述,一,一,受け入れ,最終的,根本,主義,なっ,スイス,カトリック,教会,司教,会議,シ
日本,防衛,白書,中国,国防,猛反発,日本,世界,懸念,事項,8,中国,国防,日本,防衛省,発表,今年,防衛,白書,つい,中国軍,悪意,ある,中傷,する,強い,反発,示す,文章,発表,資
ベネズエラ,制憲,議会,認め,米州,12,非難,声明,８,ペルー,首都,リマ,開か,ベネズエラ,情勢,めぐる,外相,会議,出席,ペルー,ルナ,外相,ＡＦＰ,時事,サンパウロ,時事,ブラジル
菅,官房,長官,北朝鮮,米,姿勢,評価,小野寺,防衛,警戒,万全,小野寺五典,防衛,９,北朝鮮,ミサイル,搭載,可能,水準,核弾頭,小型,成功,米,報道,関し,今,能力,持っ,近い
清潔,好き,日本人,口々,ここ,美しい,絶賛,街,中国,ある,それ,中国,メディア,清潔,好き,日本人,口々,ここ,美しい,絶賛,街,中国,ある,それ,中国,メディア,今,世紀,入っ,中国,東南,アジア,経
中国,アルミホイル,相殺,関税,補助金,認定,米,決定,ワシントン,時事,米,商務省,８,中国,アルミホイル,補助金,不当,安く,輸出,し,相殺,関税,適用,方針,決定,貿易
北朝鮮,グアム,米軍,基地,攻撃,計画,検討,ワシントン,ドナルド,トランプ,米,大統領,8,北朝鮮,米国,脅迫,行為,続ける,ない,明言,世界,未だ,し
中国,ランボー,ヒット,愛国,映画,戦,狼,2,香港,大手,新聞,トップ,ニュース,台湾,メディア,8,中国,売れ,映画,なっ,現在,公開,話題作,戦,狼,2,つい,香港,大手,新聞社,注目,それぞれ,トップ,ニュース,し,報じ
中国,農村,設計,取り組む,日本,建築家,中国,本来,文化,掘り起こす,中国,メディア,2,中国,国際,民宿,発展,フォーラム,2017,国際,中国,農村,民宿,設計,大会,以下,設計,大会,8,31,9,1,浙江省,杭州
世界,認め,新幹線,偉大,世界,認め,新幹線,偉大,日本,世界,誇る,高速,鉄道,技術,代名詞,言,新幹線,日本,半世紀,前,世界,先
今日,8,9,長崎,原爆忌,平和,祈り,こめ,昭和,20,1945,年,8,9,午前,11,2,長崎市,市街地,北部,松山町,上空,炸裂,さ,プルトニウム,原爆,ファット,マン
アメリカ,国民,5,北朝鮮,軍事,行動,取る,ミサイル,発射,繰り返す,北朝鮮,対応,巡り,CNN,世論調査,軍事,行動,取る,回答,人,5,達し,こと,分かり
給料,増やそ,放火,消防,隊員,15,逮捕,イタリア,ローマ,ＡＦＰ,時事,イタリア,南部,シチリア島,最近,消防,隊員,１５,相次ぎ,逮捕,１,つき,１０,１３００,増額
北朝鮮,炎,怒り,直面,トランプ,大統領,牽制,動画,見る,記事,アメリカ,トランプ,大統領,新た,挑発,行為,示唆,北朝鮮,対し,これまで,ない,炎,怒り,直面
現地,大学生,セクハラ,繰り返し,韓国,外交官,あきれ,言い訳,韓国,ネット,恥ずかしい,韓国人,名乗ら,8,ロシア,臨時,雇用,大学生,セクハラ,行為,繰り返し,事実,明らか,なり,罷免,韓国,外交,高位,公務,監査,過程,あい
中国,四川省,7,地震,9,死亡,164,負傷,新疆,ウイグル,地区,6.3,中国,四川省,7,地震,USGS,中国,地震,よる,８,午後,9,19,日本,時間,午後,10,19,四川省,アバ,チベット族
州議会,動かし,銃規制,シンボル,なっ,テディベア,銃,Case,Teddy,Gun,民間人,銃,保有,世界一,国,アメリカ,毎年,3,万,銃,よる,死者,出し,銃規制,遅
アッシャー,性病,問題,拡大,男女,3,提訴,アッシャー,性病,患っ,こと,隠し,し,2,女性,1,男性,提訴,最近,なっ,女性,2012
一味,違う,アクセント,キラリ,光る,ラメ,効い,着こなし,5,一味,違う,アクセント,キラリ,光る,ラメ,効い,着こなし,5,着こなし,華や,ラメ,アイテム,コーデ,アクセント,プラス,時
ロンドン,女性,目,前,レインボー,羽,し,ハト,いる,ロンドン,女性,不思議,ハト,見かけ,写真,撮っ,ハト,全身,虹色,記事,すべて,動画,画像,見
ノースリーブ,ニット,着こなす,おしゃれ,上級者,学ぶ,着こなし,テク,難しい,ノースリーブ,ニット,着こなし,基本,コレ,シンプル,大人,着こなし,出典,ari,ユニクロ,プチプラ,ノースリーブ,ニット,ベ
ヤキ,モチ,良い,刺激,彼氏,大好き,感じ,瞬間,4,みなさん,自分,彼氏,こと,大好き,付き合う,期間,長く,ケンカ,繰り返し,する,うち,自分,気持ち,対し,疑問,持つ
男性客,対する,料金,女性,高い,カフェ,登場,理由,賛否両論,声,男女,差別,撤廃,叫ば,国,よっ,状況,異なる,男女,平等,進ん,言,一方,女性,専用,車両,レデ
差,何,浮気,男,し,男,見抜き,浮気,し,男,似,特徴,共通点,多く,あっ,する,もの,素敵,恋愛,手,入れる,付き合う,前,ポイント,ちゃ
不機嫌,ない,誤解,RBF,どんな,顔,先日,アメリカ人,笑顔,多い,理由,移民,多い,いう,説,紹介,ふつう,表情,不機嫌,思わ,RBF,わたし,アメリ
配達,ねぎらい,増加,配達,問題,受け,――,ジャストシステム,コマース,調査,多く,人,配達,ねぎらい,声,かける,――,ジャストシステム,このほど,実施,コマース,関する,調査,こんな,結果,出
バスト,今,育つ,大人,女性,知っ,育乳,ススメ,バスト,今,育つ,もの,大人,女性,知っ,良い,育乳,ススメ,豊満,言わ,今,1
上司,誤り,指摘,空気,読む,文化,デメリット,職場,上司,逆らう,発言,し,気まずく,こと,あり,KY,なる,流行,語,あり,そこ,空気,読む,こと
い,心地,折りたたみ,クリップ,オン,サングラス,瞬間,サングラス,発売,写真,左,ブラック,右,ブラウン,グリーングラス,フレーム,メーカー,利便性,快適性,追求,オリジナル,ブランド,ブラン
人気,絶景,著者,詩歩,行く,アイランド,ホッピング,FDA,チャーター,行く,4,無料,JTB,西日本,死ぬ,行き,世界,絶景,著者,詩歩,行く,アイランド,ホッピング,ツアー,4,参加者,募集,8,9
パパ,他人,パパ,見知り,フォロー,し,大変,こと,amarettomilk,Fotolia,com,突然,赤ちゃん,パパ,拒絶,泣き出す,こと,あり,これ
裁ち,長男,指,切っ,父親,逮捕,親,し,品格,問う,声,ぱく,たそ,小学,6,長男,12,小指,裁ち,切っ,ケガ,さ,し,大阪府警,門真,傷害,容疑,建築,作業,男性,3
レジャー,特集,夏休み,行き,観光船,クルージング,楽しい,海,駅,近畿,九州,夏休み,過ごし,お盆,実家,帰省,方,家族,仲間,泊りがけ,旅行,いう,方,多い,ない
偶然,生み出し,奇跡,ミス,ショット,凄い,笑,女性,ゴルファー,ショット,ゴルフ,ボール,置く,ティー,部分,こんな,ショット,お目にかか,ない
8,10,健康,ハート,日,心臓,優しく,し,執筆,南部,洋子,助産,看護,タッチ,ケア,公認,講師,医療,監修,株式会社,とら,8,10,健康,ハート,日,ご存じ
PAUL,JOE,サンプル,貰,日本,特別,My,Little,Box,パリジェンヌ,近づく,ヒント,満載,フランス,パリ,生まれ,My,Little,Box,マイ,リトル,ボックス,毎月,自分,ギフト,届く,サプライズ,ボックス,20
就寝,背中,ほぐす,疲れ,と,知っ,連載,メンズ,ビューティー,通信,春,環境,変化,多く,うれしい,こと,楽しい,こと,身体,とっ,ストレス,なり,気づか,うち,負担,与え
夏山,納涼,山,清流,絶景,上高地,きょう,猛暑,日,なっ,地域,多く,各地,暑,ピーク,迎え,あさって,8,11,山,日,せっかく,目,体,心,涼
偶然,生み出し,奇跡,ミス,ショット,凄い,笑,女性,ゴルファー,ショット,ゴルフ,ボール,置く,ティー,部分,こんな,ショット,お目にかか,ない
8,10,健康,ハート,日,心臓,優しく,し,執筆,南部,洋子,助産,看護,タッチ,ケア,公認,講師,医療,監修,株式会社,とら,8,10,健康,ハート,日,ご存じ
PAUL,JOE,サンプル,貰,日本,特別,My,Little,Box,パリジェンヌ,近づく,ヒント,満載,フランス,パリ,生まれ,My,Little,Box,マイ,リトル,ボックス,毎月,自分,ギフト,届く,サプライズ,ボックス,20
就寝,背中,ほぐす,疲れ,と,知っ,連載,メンズ,ビューティー,通信,春,環境,変化,多く,うれしい,こと,楽しい,こと,身体,とっ,ストレス,なり,気づか,うち,負担,与え
夏山,納涼,山,清流,絶景,上高地,きょう,猛暑,日,なっ,地域,多く,各地,暑,ピーク,迎え,あさって,8,11,山,日,せっかく,目,体,心,涼
夏,皮脂,崩れ,起こし,人,必見,し,一手,ヨレ,防ぐ,方法,夏,起こり,メイク,悩み,言え,皮脂,崩れ,完璧,メイク,し,数,皮脂,汗,ドロドロ,こと,あり
シュレッダー,ハサミ,海苔,千切り,専用,裏,ニーズ,探せ,いら,スカーフ,おばあちゃん,風呂敷,し,利用,見かける,日常,風景,ここ,ビジネス,ヒント,隠さ
翌日,肌,違う,杉本彩,美肌,技,コラーゲン,たっぷり,水炊き,だっ,水炊き,し,美容,成分,豊富,女性,人気,お鍋,一つ,いえ,冬,イメージ,ある,水炊き,最近,夏
舌,磨き,驚く,意外,効用,口臭,抑える,ため,舌,磨き,し,いい,いう,話,よく,聞き,2017,1,24,放送,バラエティ,番組,差,何
クルミ,腸内,環境,改善,スーパーフード,先日,熊本県,不発,発見,爆発物,処理,ため,付近,住民,一,避難,事態,迎え,日本,限ら,戦火,まみれ,土地,こ
これ,来,ダウト,男,浮気,とき,送る,ウソ,ウソ,LINE,3,愛する,彼氏,LINE,入る,ハッピー,気分,な,浮かれ,い,知らぬ間,大やけど,LINE,彼氏
気,なる,髪,脱色,つい,解説,一度,トライ,ハイ,トーン,髪,脱色,メカニズム,ブリーチ,なに,脱色,意味,ブリーチ,いう,髪の毛,脱色,こと,いい,基本的,真っ黒,髪の毛,多い,日
首回り,ほぐし,フケ,顔,脱出,カメ,首,バスター,ストレッチ,はじめよ,おしゃれ,メイク,姿勢,台なし,あなた,忍び寄る,ブス,影,今,退治,今回,フェイス,ライン,崩れ,顔
大渕愛子,ヘバーデン,結節,疑い,猫,傷,大丈夫,指,関節,変形,弁護士,大渕愛子,弁護士,大渕愛子,３９,ブログ,猫,かま,傷,つい,医師,診断,仰い,こと,８,ブログ,記し,体内
男,ウケ,間違いなし,愛さ,メイク,ポイント,詳しい,メイク,方法,女性,身だしなみ,ひとつ,メイク,目,大きく,みせ,セクシー,口元,し,なり,自分,近づける,メイク,よい
タイ,古式,マッサージ,やり方,種類,効果,つい,2500,歴史,ある,タイ,古式,マッサージ,インド,ヨガ,要素,取り入れ,マッサージ,体,エネルギー,ライン,セン,指圧
夏,モテ,夏,帽子,似合う,ヘア,アレンジ,清水愛美,夏,日焼け,対策,帽子,かぶり,麦わら帽子,ハット,似合う,ヘア,アレンジ,紹介,簡単,出来る,やっ
夜,病院,訳あり,空室,業界,コワ,い,東京,声,シンクロ,TOKYO,FM,番組,シンクロ,シティ,ボイス,収集,東京,街,繰り出し,さまざま,人々,声,かけ,ひとつ
駅,エスカレーター,行動,わかる,性格,診断,並ば,歩く,人,自分,大好き,駅,ホーム,つながる,エスカレーター,朝夕,ラッシュ,長い,行列,でき,し,あなた,電車,降り,とき,エスカレーター
貧乳,女子,キャミソール,姿,最高,マニアック,男性,力説,maroke,iStock,Thinkstock,夏場,女性,カジュアル,ファッション,アイテム,し,頻繁,登場,キャミソール
食パン,サプライズ,アクセサリー,職人,製作,PANDANT,HEAD,誰か,贈り物,する,時,人,欲し,ドンピシャ,アイテム,あげる,場合,人,選ば,な,サプライズ,アイテム,あげる,場合,ち
涼,絶景,関西,屈指,避暑地,広い,滝壺,水しぶき,魅力,清納,滝,十津川村,山中,現れる,名瀑,滝壺,周辺,舞い上がる,水しぶき,天然,ミスト,清納,滝,日本一,広い,村,奈良県,十津川村,96,森
台風,発生,猫,病気,関係性,猫,注意,台風,危険性,台風,注意,いけ,強風,これ,もちろん,猫,一緒,台風,来,とき,強風,驚き,外
神様,島,車,行,絶景,離島,浜比嘉,るるぶ,トラベル,編集,坂原,うだる,暑,海,恋しい,季節,今回,日本,代表,リゾート,沖縄,大人,まっ
小池,百合子,都民,ファースト,選抜,候補者,座談会,2,野田,代表,vs,音喜多,都議,暗闘,ここ,政治,哲学,ない,政党,既存,政党,レア,ない,情報,公開,賢い,支出,言っ,具体性,ない,僕,橋
独自,自動,スキン,トーン,センサー,自宅,簡単,サロン,クオリティ,脱毛,ケア,バイヤー,ひびき,20,全身,脱毛,自宅,手軽,できる,イギリス,光,美容,プロ,集団,開発,IPL,脱毛器,肌,見せ,多く,これ
気分,ブレード,ランナー,夏,クール,水鉄砲,Photo,Taro,Kanamoto,2,十分,観賞,プレイ,SF,映画,ファン,とっ,スター,ウォーズ,ライト
着痩せ,効果,抜群,2,way,トップス,大人,洗練,スタイル,Two,Faces,シンプル,ネック,デザイン,効い,ラウンド,ネック,どちら,面,着,2,Way,仕様,スカート,イン,ワイ
氷点,10,シャーベット,ジェル,火照っ,体,クール,ダウン,保湿,バイヤー,ひびき,凍ら,使える,感覚,美容,ジェル,登場,暑い,夏,日焼け,火照っ,お肌,上,風呂上がり,ポカポカ,お肌,上,シャー
残業,170,休み,ゼロ,自殺,医師,労災,認定,遺族,不幸,繰り返さ,遺族,代理人,つとめ,川上,博,弁護士,真ん中,東京,都内,病院,産婦人科医,し,働い,男性,当時,30,自殺,月,170
リアル,蝶,思っ,本物,ない,かー,い,蝶,羽,文字盤,取り入れ,スイス,高級,同じ,デザイン,世界,2,ない,世,珍しい,時計,存在,そんな,声,耳,し,私,チェック,数,多く,人気,ブランド,プロデュース
気分,上向き,ボーダー,キャミソール,09,必要,もの,買う,きっ,仕方なく,多い,こと,気,つい,せっかく,楽しく,お金,使い,なにげない,ショッピング,楽しい
夏,お得,沖縄,行く,深夜,運航,ギャラクシー,フライト,狙え,連載,鳥海高太朗,TRAVEL,HACKS,8,入り,これ,夏休み,旅行,計画,人,多い,せっかく,沖縄,海,行き
深田,恭子,甥っ子,愛でる,姿,天使,深キョン,子供,なり,声,画像,Instagram,スクリーン,ショット,癒し,顔,ほどよい,肉付き,ボディ,人気,女優,深田,恭子,34,漂っ,母性,メロ
バッグ,帽子,靴,etc,夏,レジャー,ピッタリ,おしゃれ,差,つく,小物,テク,Photo,by,WEAR,海,山,バーベキュー,夏,野外,レジャー,楽しみ,いう,人,多い,動き,カジュアル
休み,日,し,男,ゴコロ,掴む,答え方,5,パターン,仕事,プライベート,休み,日,し,聞か,こと,あり,際,映画,行っ,友達,遊ん
出世,ミドル,何割,いる,30,40,考える,出世,出世,意欲,ある,ミドル,社員,6,エン,ジャパン,運営,ミドル,転職,サイト,利用者,35,ユーザー,対象,し
私,あなた,前世,同じ,アトランティス,英語,言,ムー,公式,実践,日常,英会話,月刊,ムー,編集,奇想天外,英会話,刊行,UFO,UMA,超能力,怪奇,現象,古代,文明,――,そんな,好き,人,たまらない,テー
海外,ハンパ,外国,無断,駐車,対策,度肝,抜く,レベル,ミニストップ,対策,かわいく,見える,ミニストップ,無断,駐車,さ,ため,注意,喚起,し,スタッフ,用意,駐車,違反,対策,パフォーマンス,やり過ぎ,非難,浴びる,事態
船内,上座,どこ,風情,たっぷり,屋形,マナー,楽しみ,全国,厳選,レストラン,食べ歩く,るるぶ,ダイニング,編集,本格的,夏,到来,各地,花火,大会,様々,イベント,開
動画,明日,10,木,ウェザーニュース,天気,解説,再生,時間,1,23,2017,08,09,17,06,ウェザーニュース,明日,10,木,天気,ウェザーニュース,キャスター,松雪,彩花,伝
シャドウ,バース,シャドバ,アグロ,ヴァンパイア,解説,デッキ,レシピ,立ち回り,入れ替え,候補,解説,2017,7,31,カード,バランス,調整,き,底,出でる,者,実質,失っ,ヴァンパイア,新た,活路,求め,作成,アグロ
勝者,敗者,分かつ,もの,最強,2,考える,1,差,大学,スポーツ,将,語る,17,02,24,いう,記事,中,東海大学,ラグビー,木村,季由,ひでゆき
本当,こと,言う,彼,プライド,守る,ため,彼女,つい,嘘,彼,対し,誠実,思い,もちろん,自分,彼氏,嘘,つき,現実的,嘘,つか
フィギュアスケート,ラボ,Vol,2,研究,材料,スピン,みなさん,小塚崇彦,戻っ,フィギュアスケート,ラボ,連載,３,なる,今回,コラム,ジャンプ,続き,スピン
ベビーパウダー,化粧,使える,肌,優しい,万能,パウダー,ベビーパウダー,化粧,効果,コスパ,ベビーパウダー,いう,赤ちゃん,お肌,守る,パウダー,いう,イメージ,強い,思い
1,限定,人生,Share,happiness,する,結婚式,ポッキー,全力,プロデュース,一,限定,人生,Share,happiness,結婚式,ポッキー,共同,全力,プロデュース,江崎グリコ,Share
真夏,セルフ,ケア,紹介,重要,紫外線,気温,乾燥,対策,ケア,1,保湿,2,保湿,潤い,夏,肌,ベタ,つい,乾燥,気,しま
特集,米国,Autoblog,編集,選ぶ,2017,上半期,ベスト,スポーツカー,3,ギャラリー,2017,McLaren,720,First,Drive,115,マクラーレン,720,今年,上半期,我々,乗っ,スポー
タイプ,女性,好き,人,とる,態度,8,あなた,好意,バレ,タイプ,分け,肉食,女子,草食,女子,女性,大きく,ふたつ,タイプ,分類,こと,でき,積極的,相手,アプローチ,肉食,女子
賃貸,住宅,契約,家賃,保証,サービス,加入,絶対,最近,賃貸,物件,契約,際,言っ,いい,求め,家賃,保証,サービス,加入,必要,どんな,メリット,ある,そ
明治神宮,祀ら,昭憲皇太后,昭憲,皇后,なく,皇太后,明治,天皇,妃,昭憲皇太后,東京,中心,原宿,代々木,ほど近い,明治神宮,神社,祭神,し,祀ら,明治
銀行,ゴルフ,お好き,出世,営業成績,影響,銀行,ゴルフ,し,いけ,聞か,こと,ある,必須,ない,やら,や,良い,こと,確か
覚え,損,なし,簡単,バスト,アップ,マッサージ,コツ,バスト,アップ,とき,おすすめ,マッサージ,どのよう,手順,行え,よい,見,押さえ,基本
ヘッドホン,欠かせない,カッコ,良く,実用的,スタンド,探せ,Jelly,Comb,Headphone,Hangar,連載,ゴン,川野,PC,Audio,Lab,Introduction,ヘッドホン,欠かせない,もの,それ,スタンド,スタンド
ケツメイシ,曲,流れる,jpop,なら,やるせな,――,近田春夫,考える,ヒット,はじまり,予感,ケツメイシ,Mr,Fake,天月,あまつき,絵,安斎肇,jpop,いえ,今,我が国,誰,普通,使う
カラコン,マニア,ゆう,こす,教える,イメチェン,メイク,CCHAN,Make,モテる,ため,生き,モテ,クリエイター,ゆう,こす,オススメ,カラコン,使っ,イメチェン,メイク,ご紹介,利き,カ
クリッカー,トレーニング,本当,最強,クリッカー,トレーニング,従来,トレーニング,違い,プラスティック,箱,ボタン,押す,クリック,出,犬
心理,テスト,なり,アイドル,イメージ,わかる,あなた,自己,評価,ファン,歓声,中,スポットライト,浴びる,アイドル,子ども,頃,憧れ,人,多い,あなた,デビュー,し,どんな,アイドル
ジュンク堂書店,池袋,本店,ブック,カバー,おでかけ,マップ,最新,地図,作っ,理由,ジュンク堂書店,池袋,本店,ブック,カバー,おでかけ,マップ,グルメ,観光,池袋,おでかけ,ブック,カバー
当たり前,疑っ,アイドル,原,直子,インタビュー,勉強,何,ため,する,高校生,抱い,そんな,疑問,晴らし,福岡大,理学部,地球圏,科学,林政,彦,教授,専
指原莉乃,納得,エッチ,女性,多い,思わ,職業,画像,AbemaTV,スクリーン,ショット,人,先入観,偏見,もっ,もの,それ,職業,対し,同じよ,8,放送
Instagram,投稿,写真,投稿者,うつ病,人間,医師,上回る,70,精度,判定,AI,登場,By,Naomi,August,Instagram,Facebook,Twitter,SNS,ユーザー,プライベート,写真,多数,投
私,恋人,サイコパス,恋人,サイコパス,見分ける,14,サイン,サイコパス,反社会的,人格,一種,意味,心理学,用語,社会性,パーソナリティ,障害,し,分類,精神,いう
ガジェット,女子,郡司,芹香,CHEERZ,コラボ,企画,素敵,モデル,アイドル,撮影,ガジェット,女子,今回,ガジェット,女子,特別,人気,アイドル,応募,アプ
2,無駄,ゼロ,あなた,財布,環境,優しい,Public,Goods,日用品,GOOD,GOODS,CATALOG,あなた,どんな,基準,商品,選ん,あなた,気に入っ,商品,販売,企業,不正,働い,環境,影響,及ぼす,事業
大相撲,人気,独自,調査,向正面,出待ち,見る,スー,生態,19,日本,出身,横綱,誕生,国技館,熱気,湯,沸か,相撲,ブーム,過熱,昨今,相撲,熱,日向,支え,相
ボブ,できる,ヘア,アレンジ,鶴谷,和俊,ヘア,アレンジ,ボブ,できる,ヘア,アレンジ,ボブ,はじめ,いろいろ,試行錯誤,アレンジ,作成,本日,1,難しい,がく
コンセプト,脱が,下着,脱着,やすく,美しい,ふんどし,男性,欲求,応える,ふんどし,クラウド,ファンディング,サイト,CAMPFIRE,キャンプ,ファイヤー,商品,向け,動き出
シティ,ガール,リュックサック,好き,人気,レディース,ブランド,まとめ,フェールラーベン,汎用的,使える,シンプル,出典,FJALL,RAVEN,フェールラーベン,カンケン,バッグ,カンケン,持ち運ぶ,い
大人,転職,読者,アンケート,お願い,ギフト券,ただいま,カフェ,グローブ,大人,転職,関する,読者,アンケート,実施,アンケート,お答え,方,10,Amaz
世界,当たり前,日本,英語,公用語,する,理由,無料,メルマガ,山久瀬,洋二,えいご,ism,英語,エキスパート,山久瀬,海外,メディア,報じ,ニュース,タイムリー,解
TDR,ディズニー,年越し,カウントダウン,特別,営業,パスポート,9,12,抽選,販売,東京,ディズニーリゾート,年越し,特別,営業,ニュー,イヤーズ,イヴ,専用,パスポート,販売,申し込み,2017,9,12,（火）,開始,こ
ローズ,香り,包ま,スチームクリーム,期間,限定,保湿,クリーム,化粧,SC,Cosmetics,展開,STEAMCREAM,スチームクリーム,ブランド,ダマスク,ローズ,配合,全身,保湿,クリー
夏休み,キッズ,大助かり,100,均,グッズ,お手軽,作る,自由,研究,キット,宿題,クリア,夏休み,宿題,大活躍,100,均,グッズ,長い,あっという間,終わっ,夏休み,子ども,宿題,たくさん,やり残し,手伝っ
イレギュラー,支出,白目,防げ,家計,反省会,無理,なく,家計,見直し,でき,インスタ,人気,ウラク,やっ,どんぶり勘定,家計,状況,把握,そんな,人,サク,刺さる,家計,見直し,方法,我が家,よく,ある,会話,前回,ウラ
RMK,ブルー,グロス,秋冬,新色,仲間入り,ブルー,チーク,多数,ブルー,メイク,アイテム,登場,ブルー,メイク,いえ,去年,話題,なっ,RMK,ブルー,グロス,有名,そんな,なか,RMK,ブルー,グロス,新色
VW,一休,com,コラボ,宿泊客,試乗,機会,提供,VW,ゴルフ,トゥーラン,画像,見る,フォルクスワーゲン,グループ,ジャパン,8,9,高級,別荘,予約,ウェブ,サイト,一休,com,バケーシ
顔,出勤,朝,バーバー,ビジネスマン,習慣,なる,髪,どこ,切っ,美容院,切っ,最近,違和感,ある,いう,人,いる,ない,思い
会社,飲み会,関わる,トラブル,1,第一三共,ヘルス,ケア,8,9,仕事,飲み会,関する,アンケート,調査,結果,発表,調査,期間,2017,7,7,9,有効,回答,20
朗報,iPhone,8,iPhone,7,7,Plus,同時,発表,同時,リリース,かなり,品薄,Image,Janis,Straut,Shutterstock,com,人気,手,入る,先日,ケース,入り,本体,画像
メルセデス,新型,クラス,発表,最新,技術,示す,進化,方向性,メルセデス,ベンツ,日本,フラッグ,シップ,モデル,クラス,新型,発表,予約,注文,受け付け,開始,納車,9,上旬,順
帰宅,自動,光る,Bluetooth,連携,キー,ライト,アクセサリ,LumNkey,暗闇,鍵,面倒,夜中,自宅,帰っ,玄関,真っ暗,鍵,鍵穴,場所,わから,こと,あり,そ
売切,続出,ニンテンドー,スイッチ,8,22,マイ,ニンテンドー,ストア,予約,受付,任天堂,株式会社,Nintendo,Switch,ニンテンドー,スイッチ,販売,つい,同社,公式,オンライン,ストア,マイニンテンドース
カラオケ,VR,進化,KDDI,カラオケ,VR,JOYSOUND,提供,開始,KDDI,カラオケ,店舗,楽し,VR,サービス,KDDI,カラオケ,VR,提供,月,22,開始,1,し,全国,カラオケ,店舗
ウィラー,トラベル,au,かんたん,決済,よる,高速,バス,代金,支払い,対応,ウィラー,トラベル,au,かんたん,決済,よる,高速,バス,代金,支払い,対応,ウィラー,KDDI,沖縄,セルラー,8,9,予約,サイト,ウィラー
ベンツ,新型,クラス,発表,自動,車線,変更,機能,動画,見る,記事,メルセデスベンツ,新型,発表,自動,運転,一,近付く,技術,公開,メルセデスベンツ,クラス
夏休み,スマホ,自由,研究,小学生,作,100,VR,スマホ,顕微鏡,挑戦,夏休み,真っ只中,海水浴,BBQ,いっ,レジャー,いい,親,し,子ども,宿題,進捗,状況,気,なっ,頃合,筆者,小
ビデオ,日産,自動,運転,技術,搭載,新型,リーフ,CM,公開,日産,自動,運転,技術,アピール,日本,市場,新しい,CM,公開,当然,これ,9,正式,発表,予定,新型,リ
本日,セール,情報,Amazon,タイム,セール,最大,49,オフ,マグネット,網戸,スマート,電球,お買い得,Amazon,アマゾン,毎日,開催,タイム,セール,今日,2017,8,9,暑,対策,虫,対策,なる,マグネット,網戸,ノイズキャンセ
原稿,写真,用意,ニュース,番組,作っ,斬新,サービス,アバター,エージェント,サービス,Image,アバター,エージェント,サービス,YouTube,夜,7,ニュース,共同通信,デジタル,ソニー,原稿,写真,用意
写真,おしゃれ,加工,ネオン,文字,入れ,アプリ,NEON,ME,使える,最近,カフェ,店舗,古着,店舗,壁,ネオン,文字,つける,流行っ,写真,撮り,行く,大変,そんな,時
パスワード,規則,失敗作,パスワード,管理,関する,有名,冊子,執筆者,ビル,バー,72,あれ,失敗作,告白,2003,米国,業界,規格,設定
東芝,業界,最速,64,積層,3,フラッシュ,メモリー,搭載,SSD,シリーズ,開発,PM,5,シリーズ,CM,5,シリーズ,東芝,8,8,64,積層,プロセス,用い,3,フラッシュ,メモリー,搭載,エンタープライズ
バッファロー,音声,アシスタント,呼び出,Bluetooth,ヘッドセット,BSHSBE,200,シリーズ,5,ラインアップ,バッファロー,8,9,音声,アシスタント,呼び出し,対応,Bluetooth
家,エアコン,外出,操作,eRemote,pro,12,出荷,決定,リンク,ジャパン,8,9,スマートフォン,家電,操作,エアコン,稼働,状況,可視,スマート,リモコン,eRemote,pro,1
複数,Amazon,Echo,グループ,マルチ,ルーム,オーディオ,機能,近日,やっ,Image,amedley,Shutterstock,com,お部屋,お部屋,音楽,再生,操作,対応,製品,増え
iPhone,手軽,星空,撮影,アプリ,注目,iPhone,アプリ,3,iPhone,iPad,アプリ,メイン,紹介,サイト,iPhonePLUS,アプリ,開発者,御参加,ご自身,アプ
カシオ,電子,ピアノ,Privia,シリーズ,モデル,5,機種,カシオ計算機,コンパクト,スタイリッシュ,デザイン,特徴,デジタル,ピアノ,Privia,プリ,ヴィア,シリーズ,PX-,870
iPhone,アプリ,JForex,3,プラットフォーム,アップデート,株式会社,フィスコ,デュー,カス,コピー,ジャパン,株式会社,関東,財務,局長,金商,2408,iPhone,アプリ,JForex,3,プラット
iPhone,アプリ,JForex,3,プラットフォーム,アップデート,株式会社,フィスコ,デュー,カス,コピー,ジャパン,株式会社,関東,財務,局長,金商,2408,iPhone,アプリ,JForex,3,プラット
Web,ページ,構造,加え,画像,検索,バッジ,Google,ウェブ,マスター,公式,ブログ,文字,情報,なく,イメージ,調べ,時,ある,暗がり,なか,間接照明,PC,画面,ほのか,光る,書斎,いい,テキスト
ルンバ,マップ,売る,売ら,iRobot,社,Vice,President,聞い,Photo,ギズモード,ジャパン,編集,ルンバ,IoT,化,真意,聞き,ルンバ,久しぶり,機種,ルンバ,890,ルンバ,690
ドコモ,子供,安全,見守る,イマドコサーチ,警視庁,事件,情報,配信,発表,資料,株式会社,NTT,ドコモ,7,子供,見守り,サービス,イマドコサーチ,警視庁,よる,事件,情報,配信,ちかく,事件,情報,機能
コンチネンタル,自動車,ソフト,技術者,トレーニング,プログラム,拡大,コンチネンタル,自動車,ソフト,技術者,トレーニング,プログラム,ドイツ,本拠,置く,自動車部品,大手,コンチネンタル,8,7,自動車,ソフトウ
モンゴル,新種,恐竜,発見,北大,北海道大学,モンゴル,ゴビ,砂漠,トゥグルギンシレ,分布,ジャド,クタ,層,発見,化石,新種,オル,ニト,ミムス,類,恐竜,こと,明らか
自由,落下,一様,ミリメートル,規模,物体,成り立つ,立教大,確認,立教大学,物質,よら,すべて,物体,重力場,中,同じ,加速度,落下,いう,自由,落下,一様,ミリメートル,規模,物体
COACH,Apple,Watch,バンド,デザイン,追加,恐竜,入り,ある,Image,COACH,2016,6,ファッション,ブランド,COACH,コーチ,登場,Apple,Watc
横浜,開催,ポケモン,GO,イベント,回線,環境,不満,相次ぐ,ソフトバンク,提供,フリー,Wi-Fi,チェック,8,9,（水）,開催,Pok,mon,GO,公式,イベント,Pok,mon,GO,PARK,初日,参加,トレーナー
ほんやく,コンニャク,翻訳,デバイス,ili,イリー,宿泊,施設,無料,レンタル,開始,株式会社,ビジョン,8,ウェアラブル,翻訳,デバイス,ili,イリー,つい,10,無料,お試し,レンタル,提供,開始,発表
エディオン,自作,PC,オリジナル,チラシ,販促,効果,エディオン,組み立て,PC,扱っ,――,し,疑問,持つ,一般,ユーザ,向け,大手,家電,量販店,エディオン,7,15,21
これ,便利,ソフ,バン,LINE,データ,通信,確認,yumi,キャリア,マイ,ページ,公式,アプリ,確認,データ,通信,わざわざ,マイ,ページ,アクセス,面倒
Google,多様性,否定,エンジニア,即刻,解雇,Image,achinthamb,Shutterstock,com,多様性,対し,真剣,見る,聞く,耳,持た,独善,見る,2
NEC,量産,衛星,公開,新興国,売り込み,狙う,動画,見る,記事,NEC,開発,進める,量産,小型,衛星,公開,NEC,地球,観測,衛星,ASNARO－,2
自動,トイレ,ルーム,ランナー,ニャン,すごい,機能,満載,猫用,IoT,家電,世界的,猫,ブーム,加熱,より,国内外,猫用,IoT,家電,ハイテク,商品,登場,猫,喜ぶ,次世代,機能,チェック,ペ
1,ボタン,音声,アシスタント,起動,片耳,タイプ,Bluetooth,ヘッドセット,バッファロー,9,Bluetooth,4.1,対応,片耳,タイプ,ヘッドセット,BSHSBE,200,シリーズ,発表,ブラック
スマホ,操作,家電,リモコン,sRemo,機能,アップ,sRemo,SOCINNO,8,9,スマホ,用い,家電,操作,リモコン,sRemo,エス,リモ,アプリ,アップデート,タイマー,設定,連
東武鉄道,MAMORIO,活用,忘れ物,自動,通知,サービス,試験,運用,開始,東武鉄道,MAMORIO,忘れ物,自動,通知,サービス,東武鉄道,8,9,東武線,おい,忘れ物,防止,タグ,MAMORIO,マモ,リオ
フォーム,作成,formrun,YouTube,Google,Maps,埋め込み,対応,mixtape,8,9,サポート,チーム,ため,コンタクト,管理,ツール,formrun,Instagram,YouTube,Googl
光,闇,表現,芸術的,ピクセル,アート,必見,育成,ゲーム,マジョ,シマ,普段,まが,ねっと,いう,個人,小規模,開発,iPhone,アプリ,紹介,ブログ,誰,気づか,こと,なく,更新
iOS,macOS,tvOS,パブリック,ベータ,4,配信,開始,アップル,8,8,公開,予定,なる,iOS,11,tvOS,11,macOS,High,Sierra,パブリック,ベータ,4
ドコモ,高度,8700,高速,Wi-Fi,つながる,地対空,通信,実証,実験,成功,イメージ,株式会社,NTT,ドコモ,8,国立,研究,開発,法人,海上,港湾,航空,技術,研究所,電子,航法,研究所,ENRI,全日本空輸,株式会社
タフネス,モデル,見参,耐衝撃性,備え,Galaxy,8,Active,正式,発表,Image,Samsung,海外向け,Samsung,サムスン,2017,8,7,現地,時間,防水,防塵,耐衝撃,性能
障害者,補助,外骨格,Alexa,統合,音声,コマンド,操作,可能,米,ロボット,企業,開発,障害,持つ,人,リハビリ,ロボット,開発,Bionik,Laboratories,臨床,試験,下肢,障害者,外骨格,ARKE
Apple,Store,京都,できる,Apple,スタッフ,募集,開始,yumi,現在,日本,国内,7,ある,Apple,Store,近い,うち,8,できる,しれ,App
身体,自転車,巻きつけ,使える,ストリップ,ライト,BlinkLight,驚く,便利,自転車,乗る,人,夜,なる,ライト,必要,曲がる,時,停車,時,手信号,使う,人,いる,こと,海外,これら,のこ
ソフトバンク,iPhone,使える,格安,SIM,16,発売,ニーズ,ある,日本,通信,SIM,ロック,解除,なし,ソフトバンク,iPhone,使える,音声,通話,対応,SIM,b-mobile,スマホ,電話,SIM,16
LPixel,東大,病院,主任,研究,施設,する,診断,支援,ソフト,性能,改善,研究,参画,エル,ピクセル,以下,LPixel,9,東京大学,医学部,附属,病院,以下,東大,病院,主任,研究,施設,する,各種,診断,支援,ソフトウェア,学習
ワイモバイル,必要,機能,搭載,シンプル,ケータイ,Simply,登場,ソフトバンク,ウィルコム,沖縄,ワイモバイル,商品,し,The,電話,コンセプト,開発,シンプル,持ち,使い
SBI,少額,短期,保険,給付金,請求,手続き,Web,上,受付,サービス,SBI,少額,短期,保険,8,8,医療,保険,給付金,請求,手続き,スマートフォン,PC,使っ,Web,上,受付,完結,サービス,8
大きく,パフォーマンス,向上,テキスト,エディター,最新版,Atom,1.19,公開,GitHub,オープン,ソース,テキスト,エディター,Atom,最新版,なる,Atom,1.19,公開,Atom,構築,フレーム
シャッター,みっく,みく,リコー,天球,カメラ,THETA,SC,限定,初音ミク,モデル,登場,リコー,天球,カメラ,RICOH,THETA,SC,初音ミク,コラボレーション,モデル,期間,限定,発売,イメージ,カラー,ブルーグ
ローランド,TR-,808,SH-,101,縮小,再現,TR-,08,SH-,01,当時,そのまま,サウンド,機能,強化,電子,楽器,ローランド,8,ドラム,マシン,名機,TR-,808,モチーフ,コンパクト,モダン,インターフェース,備え,TR-,08,発
ソフトバンク,LINE,請求,金額,残り,ギガ,わかる,サービス,開始,LINE,トーク,画面,今月,請求,金額,データ,通信,確認,るー,そんな,サービス,提供,ソフトバンク,開始,機能
iPad,Pro,仕事,できる,ホント,試し,iPad,Pro,10.5,Smart,Keyboard,3,使っ,レビュー,記事,し,怒涛,質問,あっ,弓月,ひ
NINS,系,外惑星,生命,探査,指標,なる,光波長,検討,結果,発表,自然,科学,研究,機構,アストロ,バイオロジー,センター,基礎生物学研究所,東京大学,構成,共同,研究,チーム,近年,地球,生命,宿す
WILLER,au,かんたん,決済,対応,高速,バス,代金,キャリア,決済,日本初,WILLER,KDDI,沖縄セルラー電話,WILLER,高速,バス,代金,キャリア,決済,au,かんたん,決済,活用,支払う,こと,できる,サ
全長,37,体重,60,世界,最大,恐竜,化石,6,アルゼンチン,発見,首,高,ビル,5,相当,世界,最大,恐竜,アルゼンチン,パタゴニア,発掘,展示,スペース,はみ出す,デカ,AMNH
コンパクト,ドローン,最適,ショルダー,ケース,ドローン,ケース,ドローン,マルチ,コプター,バッグ,Mavic,Pro,収納,対応,サンワサプライ,8,9,コンパクト,ドローン,ショルダー,ケー
ASUS,399,搭載,Ryzen,Threadripper,対応,ハイエンド,マザーボード,ASUS,JAPAN,9,ROG,ブランド,ハイエンド,マザーボード,し,AMD,最新,CPU,Ryzen,Threadripper,対
アイ,ロボット,スマホ,操作,モデル,ルンバ,890,ルンバ,690,発売,アイ,ロボット,ジャパン,スマートフォン,アプリケーション,iRobot,HOME,対応,モデル,ルンバ,890,ルンバ,690
NTT,ドコモ,LTE,地対空,通信,機内,Wi-Fi,実証,実験,成功,下り,最大,27,MbpsNTT,ドコモ,海上,港湾,航空,技術,研究所,電子,航法,研究所,ENRI,全日空,ANA,パナソニック,ジャムコ,LTE,技術,活用,地
au,かんたん,決済,高速,バス,代金,支払い,可能,WILLER,KDDI,沖縄,セルラー,8,9,予約,サイト,WILLER,TRAVEL,高速,バス,代金,支払い,方法,し
レクサス,LS,新型,AMG,対抗,モデル,南欧,謎,プロトタイプ,あらわ,レクサス,LS,性能,モデル,スクープ,写真,画像,見る,レスポンス,兄弟,サイト,Spyder,7,熱風,包ま,南,ヨーロッパ,謎,レ
発表,Galaxy,Note,8,今,わかる,こと,すべて,Image,Samsung,汚名,返上,なる,発火,事故,ゴミ,化し,故,Galaxy,Note,7,苦い,経験,乗り越え,サムスン
8,9,夕方,セール,情報,目標,達成,カウントダウン,形式,手助け,Antiprocrastinator,120,無料,SHAN,水曜日,夕方,セール,情報,イチオシ,Antiprocrastinator,120,無料,目標,達
DNP,YORIP,ビール,指数,連動,広告,配信,実証,実験,開始,大日本印刷,DNP,8,9,DNP,旅,よりみち,アプリ,YORIP,活用,ビール,指数,高まる,アサヒビール,提供,うまい
料金,半額,ソフトバンク,iPhone,使える,格安,携帯,日本,通信,すべて,動画,画像,ある,記事,こちら,ソフトバンク,iPhone,使える,音声,通話,可能,格安,携帯,日本,通信,8,16,始め
NEC,小型,レーダー,衛星,公開,イプシロン,年内,打ち上げ,ＮＥＣ,９,小型,性能,コスト,地球,観測,衛星,実現,目指す,レーダー,観測,衛星,ＡＳＮＡＲＯ,アスナロ,２,公開,年内,小型,固
モンブラン,Google,共同,開発,スマート,ウオッチ,モンブラン,サミット,モンブラン,モンブラン,サミット,10,万,5840,税込み,モンブラン,Google,共同,開発,Android,Wear,2.0
ウォッチ,ガード,多,要素,認証,ソリューション,提供,Datablink,買収,ウォッチ,ガード,テクノロジー,ジャパン,8,9,多,要素,認証,ソリューション,MFA,提供,Datablink,買収,完了,こと
IBM,ベイズ,推論,取り入れ,統計,解析,IBM,SPSS,Statistics,最新版,日本,IBM,統計,解析,ソフトウェア,IBM,SPSS,Statistics,最新版,なる,IBM,SPSS,Statistics,2
東工大,芳香,アルデヒド,芳香,アミン,合成,触媒,開発,東京工業大学,東工大,8,9,さまざま,芳香,アルデヒド,芳香,アミン,合成,触媒,開発,発表,成果,東京
膵,芽細胞,分化,制御,メカニズム,細胞,骨格,関連,分子,関与,京大,京都大学,京大,8,9,膵臓,元,なる,胎生,膵,芽細胞,分化,制御,メカニズム,細胞,骨格,関連,分子,関与,こと,明らか
高血糖,TRPC,6,発現,増加,心不全,発症,リスク,軽減,糖尿病,心不全,予防,期待,生理学,研究所,心筋,細胞膜,高血糖,発現,増加,Ca,2,透過,カチオン,チャネル,transient,receptor,potenti
米,Optoma,NuForce,エントリー,クラス,ワイヤレス,イヤ,フォン,BE,Lite,3,BE,Lite,3,バリュー,トレード,８,９,米,Optoma,NuForce,ワイヤレス,イヤ,フォン,BE,Lite,3,取り扱い
PDF,アンケート,申込書,配布,収集,自動,集計,本連載,Adobe,Acrobat,DC,使いこなす,ため,使い方,TIPS,紹介,20,PDF,アンケート,申込書,配布
着信,よっ,振動,ネック,バンド,持つ,ワイヤレス,イヤ,フォン,OWL-BTEP,05,OWL-BTEP,05,オウル,テック,8,9,着信,よっ,振動,ネック,バンド,持つ,ワイヤレス,イヤ,フォン,OWL-BTEP,05
貴重,78,回転,SP,レコード,デジタル,アーカイブ,Great,78,Project,ここ,数,LP,レコード,注目,ソニー,レコード,自社,生産,再開,一,絶滅,危惧,アナログレコー
メルセデス,ベンツ,スマホ,遠隔,駐車,公開,メルセデス,ベンツ,最高級,セダン,新型,発表,ドライバー,車,外,スマートフォン,操作,駐車,技術,公開,最高
高血糖,TRPC,6,発現,増加,心不全,発症,リスク,軽減,糖尿病,心不全,予防,期待,生理学,研究所,心筋,細胞膜,高血糖,発現,増加,Ca,2,透過,カチオン,チャネル,transient,receptor,potenti
米,Optoma,NuForce,エントリー,クラス,ワイヤレス,イヤ,フォン,BE,Lite,3,BE,Lite,3,バリュー,トレード,８,９,米,Optoma,NuForce,ワイヤレス,イヤ,フォン,BE,Lite,3,取り扱い
PDF,アンケート,申込書,配布,収集,自動,集計,本連載,Adobe,Acrobat,DC,使いこなす,ため,使い方,TIPS,紹介,20,PDF,アンケート,申込書,配布
着信,よっ,振動,ネック,バンド,持つ,ワイヤレス,イヤ,フォン,OWL-BTEP,05,OWL-BTEP,05,オウル,テック,8,9,着信,よっ,振動,ネック,バンド,持つ,ワイヤレス,イヤ,フォン,OWL-BTEP,05
貴重,78,回転,SP,レコード,デジタル,アーカイブ,Great,78,Project,ここ,数,LP,レコード,注目,ソニー,レコード,自社,生産,再開,一,絶滅,危惧,アナログレコー
メルセデス,ベンツ,スマホ,遠隔,駐車,公開,メルセデス,ベンツ,最高級,セダン,新型,発表,ドライバー,車,外,スマートフォン,操作,駐車,技術,公開,最高
インタフェース,アクセシビリティ,向上,Oracle,VM,VirtualBox,5.2,Beta,1,公開,Oracle,同社,仮想,ソフト,Oracle,VM,VirtualBox,最新,β版,Oracle,VM,VirtualBox,5.2
ラジオ局,本気,作っ,ラジオ,Hint,何,スゴい,ニッポン放送,Cerevo,グッドスマイルカンパニー,3,クラウド,ファンディング,通じ,開発,ワイド,FM,対応,ラジオ,Hint
メルセデス,車載,テレマ,ソフトバンク,データ,通信,回線,採用,メルセデス,ミー,コネクト,イメージ,画像,見る,ソフトバンク,8,9,メルセデス,ベンツ,日本,2017,発売,メルセデス,ベン
AI-OCR,協業,開始,ABBYY,ジャパン,PwC,GNW,グローブ,ニューズ,ワイヤ,ＡＢＢＹＹ,ジャパン,株式会社,本社,神奈川県,横浜市,港北区,新横浜,ＰｗＣ,コンサルティング,合同,東京都,千代
DL,版,セガ,3,復刻,プロジェクト,シリーズ,セール,開始,半額,タイトル,DL,版,セガ,3,復刻,プロジェクト,シリーズ,セール,開始,半額,タイトル,セガ,セガ,3,復刻,プロジェクト,シリーズ,セール
セブン銀行,東京,大阪,勘定,システム,交互,運用,事業,継続,強化,セブン銀行,９,勘定,システム,運用,方式,変更,発表,これまで,東京,システム,本番,機,大阪,システム,バックアップ,機,し
メンテナンス,効率,コスト,削減,AI,製造,もたらす,インパクト,製造,おい,製品,生産,機器,保守,施設,管理,業務,効率,試み,以前,行わ,人工,知能,AI,参入,よっ
Apple,公式,インスタ,アカウント,開設,フォロー,apple,Instagram,SNS,アカウント,活用,積極的,Apple,そんな,Apple,イン
東大,ライザップ,胃がん,手術,運動,関する,臨床,試験,開始,東京大学,医学部,附属,病院,院,22,医療,センター,肥満,メタボリック,ケア,社会,連携,講座,東京大学,ライザップ,共同,研究,し
iiyama,PC,税別,"66,980",7,Core,3,搭載,15.6,ノート,PC,ユニット,コム,9,iiyama,PC,STYLE,ブランド,CPU,Intel,Core,3,7100,採用,15.6
脳,配線,望ましい,方向,変更,認知,機能,変化,技術,ATR,国際電気,通信,基礎,技術,研究所,ATR,8,7,脳,配線,望ましい,方向,変更,認知,機能,変化,ニューロ,フィードバック,学習法,開発
NIMS,各面,ポケット,持つ,ナノ,カーボン,マイクロ,キューブ,作成,物質,材料,研究,機構,NIMS,8,8,各面,ひとつ,ポケット,持つ,ナノ,カーボン,でき,マイクロ,サイズ,キューブ,物質,作製
ソフトバンク,自宅,家電,スマホ,まとめ,操作,Wi-Fi,学習,リモコン,スマート,家電,コントローラ,登場,ソフトバンク,コマース,サービス,複数,家電,AV,機器,自宅,外出,スマートフォン,操作,Wi-Fi,学習,リモコン,スマー
プロ用,3,ソフト,最新版,19,発表,独,マクソン,BW,ビジネス,ワイヤ,３Ｄ,ソフトウエア,大手,独,マクソン,コンピュータ,同社,プロフェッショナル,３Ｄ,ソフト,ＣＩＮＥＭＡ,４,Ｄ,最新版
期間,限定,パルテノ,新作,キウイ,ソース,入り,し,超絶,おいしい,体,い,いー,ヨーグルト,言え,濃密,ギリシャヨーグルト,パルテノ,シリーズ,さきほど
国内初,ガンプラ,総合,施設,ガンダム,ベース,東京,8,19,オープン,ダイバーシティ,東京,国内初,ガンプラ,主体,し,総合,施設,THE,GUNDAM,BASE,TOKYO,ガンダム,ベース,東京,8
大阪,ビジネス,街,一息,北浜,おすすめ,カフェ,8,大阪証券取引所,企業,多数,ある,こと,ビジネス,中心地,し,有名,大阪市,北浜,エリア,趣,ある,レトロ,建物,のどか,川沿い,面し
秋葉原,ブルーボトルコーヒー,飲,マーチ,エキュート,神田,万世橋,BLUE,BOTTLE,COFFEE,POP,UP,STORE,期間,限定,オープン,秋葉原,コーヒー,人,うれしい,ニュース,商業,施設,マーチ,エキュート,神田,万世橋,2017,8,11,（金）,9,18
子ども,好き,野菜,嫌い,野菜,ランキング,--,定番,ピーマン,ランク,ダウン,タキイ,種苗,8,9,2017,野菜,家庭,菜園,関する,調査,結果,発表,調査,20,男女,600,対象,野菜,まつ
予約,半年,待ち,一度,食べ,羽根木,羽根,餃子,家,焼き,する,コツ,おいしい,餃子,家,食べ,お店,焼い,おいしい,普通,思い,世田谷,梅ヶ丘,取り寄せ
期間,限定,ハーゲンダッツ,感覚,かき氷,無料,配布,世界,愛さ,アイスクリーム,ハーゲンダッツ,創業,ハーゲンダッツ,日,8,10,木,8,15,火,東京
夏,疲れ,カカオ,吹き飛ばす,ジャン,ポール,エヴァン,夏,処方箋,コレクション,期間,限定,登場,SPUR,Eye,苦味,酸味,強い,イメージ,カカオ,チョコレート,たくさん,フレーバー,ポリフェノール,美味し
まさか,フライドチキン,入り,ビール,爆誕,味,つめたく,冷え,ビール,揚がっ,スパイシー,フライドチキン,もっ,安心,鉄板,組み合わせ,いえ,ビール,中,フラ
マツコ,悶絶,蒸しパン,パスタ,絶品,チョコミント,マツコ,知ら,世界,さわやか,味わい,夏,ピッタリ,チョコミント,8,8,（火）,放映,人気番組,マツコ,知ら,世界,TBS,系,チョコミント,愛
チェコ,ベルギー,ビール,集結,王国,ビア,フェスト,日比谷,公園,初開催,--,オペラ,ベリーダンス,すべて,動画,画像,ある,記事,こちら,世界,王国,愛さ,ビール,グルメ,一堂,集まる,祭典,王国,ビア,フェスト,8,10,20
羽鳥,慎一,アナ,宇賀なつみ,アナ,限定,メニュー,登場,六本木,ヒルズ,水上,ビアガーデン,上質,ひととき,2014,行わ,テレビ朝日,六本木,ヒルズ,夏祭り,SUMMER,STATION,今年,7,15,開催,これ
立ち食いそば,散歩,73,たまねぎ,天,偉大,品川,街道,めん,工房,朝,ピッタリ,優しい,甘,品川区,街道,めん,工房,行っ,最寄り,京急,北品川,駅,北品川,品川,南,ある,調べ,東海道,品川
かき氷,夏,食べ,絶品,かき氷,韓国,台湾,No,590,しお,りー,前回,日本,グルメ,かき氷,ご紹介,今回,韓国,台湾,かき氷,ご紹介
ケンタッキー,挽き,黒胡椒,チキン,胡椒,ガーリック,ダブル,パンチ,ケンタッキー,フライドチキン,辛口,チキン,挽き,黒胡椒,チキン,8,18,発売,1,270,胡椒,ガーリック,ダブ
川崎,オクトーバーフェスト,2017,開催,本場,ドイツ,ビール,20,大集合,複合,商業,施設,ラ,チッタデッラ,川崎市,今年,夏,チッタ,ビール,いう,テーマ,もと,8,10,13,川崎,オクトーバ
京都,誇る,有形,文化財,老舗,喫茶,フランソア,喫茶,極上,レア,チーズ,河原町,高瀬川,清廉,空気感,なか,時代,超え,愛さ,有形,文化財,指定,フランソア,喫茶,紙面,飾る,こと,多い,レア,チーズケーキ,コーヒー
暑い,夏,冷やし,スープ,おにぎり,いかが,ラフォーレ原宿,東京,渋谷区,2,ある,onigiri,stand,Gyu,暑い,夏,ピッタリ,冷やし,スープ,おにぎり,イタリ
神戸牛,ビフカツ,サンド,期間,限定,販売,JR,発足,30,記念,セブン‐イレブン,ジャパン,共同,開発,JR,西日本,エリア,駅構内,直営,店舗,企画,開発,手掛ける,ジェイアール西日本,デイリーサービスネッ
ひとり,専用,直火,ラーメン,鍋,食べ,恥ずかしく,ホームセンター,業界,最大手,DCM,1,鍋,DCM,ブランド,直火,ラーメン,鍋,2017,8,21,発売,出来立て
横浜,周辺,おしゃれ,イタリアン,ランチ,おすすめ,店,8,東京,並ん,おしゃれ,街,し,有名,横浜,中華街,観光,スポット,多い,横浜,横浜,観光,起点,なる,横浜,周辺,おしゃれ
発売,コンビニ,惣菜,セブン,つまみ,ガーリックシュリンプ,ほか,今週,発売,惣菜,情報,お届け,注目,惣菜,セブン,イレブン,つまみ,ガーリックシュリンプ,2017,8,8,発売
BBQ,達人,直伝,野菜,甘,なる,焼き方,中西哲生,高橋万里恵,パーソナリティ,つとめる,TOKYO,FM,番組,クロノス,8,7,（月）,放送,追跡,カゴメプレゼンツベ
ニラ,香り,働く,男子,救う,自作,すた丼,明日,スタミナ,補給,今週,夏,料理,研究家,エダ,ジュン,8,入っ,何,し,汗,ダラダラ,家,帰っ,そんな,日,あり
アレッサンドロ,ミケーレ,監修,グッチ,フレグランス,ブルーム,デビュー,SPUR,Eye,アレッサンドロ,ミケーレ,手がけ,話題,フレグランス,登場,陶磁器,愛する,ミケーレ,こだわり,ケー
肉,パフェ,好評,つき,2,ポップアップ,イベント,開催,決定,MLA,豪州,食肉,家畜,生産者,事業,本社,オーストラリア,シドニー,8,2,13,2,グランフロント,大阪,うめきた,広場,サ
チーズ,つぶあん,こしあん,ミニストップ,個性的,中華,まんが,発売,定番,美味し,肉まん,ミニストップ,株式会社,秋,冬,人気,商品,中華,8,11,金,順次,国内,ミニストップ,店舗
揚げ,コロッケ,気分,肉,巻き,ポテト,ボール,ホク,旨,響き,美味し,感じる,料理,あり,今回,ご紹介,料理,ひとつ,ポテト,チーズ,ボール,豚,こま,巻き,いう,じゃがいも
京都,勝,牛,辛い,メニュー,牛,カツ,肉味噌,冷やし,坦々,うどん,発売,牛,カツ,専門店,京都,勝,牛,8,10,夏限定,メニュー,し,牛,カツ,肉味噌,冷やし,坦々,うどん,税別,"1,180",発売,旨味,詰
ハロウィン,女子,会,ピッタリ,キャピトル,ホテル,東急,限定,スイーツ,ユーモラス,フォトジェニック,東京,千代田区,ザ,キャピトル,ホテル,東急,ハロウィン,盛り上げる,ユーモラス,キュート,限定,スイーツ,登場,キャピトル,ホテル
背伸び,おもてなし,フルーツ,使っ,華やか,レシピ,まとめ,フルーツ,甘ずっぱ,おいしい,サラダ,ワイン,ピッタリ,パイナップル,生ハム,チーズ,サラダ,パイナップル,がお
人力舎,芸人,前田,あつし,料理,ブログ,更新,見た目,微妙,つまみ,お笑い,コンビ,虹色,カルトン,前田,あつし,自身,ブログ,見た目,微妙,料理,公開,虹色,カルトン,地方,銀行,前田
セブン,イレブン,早く,今年,おでん,発売,開始,セブン,イレブン,ジャパン,8,9,具材,味,しみ,つゆ,こだわっ,2017,おでん,発売,発表,全国,セ
ファミマ,サラダ,チキン,RIZAP,コラボ,糖質,0,実現,体型,気,する,人,人気,ファミリーマート,サラダ,チキン,RIZAP,コラボ,する,2017,8,8,糖質,0
白米,お酒,止まら,広島空港,お勧め,広島,土産,もみじ,饅頭,ない,価格,美味しい,もの,多い,広島県,お土産,種類,多種多様,何,しよ,迷う,方,多い,はず,最後,観光,集中,出発,2,空港
英米,クラフト,ビール,人気,高まる,カールスバーグ,職人,メーカー,買収,英国,クラフト,ビール,職人,よる,手作り,ビール,売上,市場,9,達する,従来,ビール,追い上げ
福岡,天神,味,堪能,おすすめ,ランチ,8,九州,玄関口,し,九州,最大,繁華街,し,有名,福岡県,福岡市,福岡市,川,挟ん,天神,博多,分かれ,それ
簡単,つく,カレー,ペースト,不要,タイ,カレー,暑い,夏,カレー,頻繁,食卓,上がる,ご家庭,多い,はず,家庭,味,本格,インド,カレー,いい,時,タイ,カレー,いかが,ほ
NY,生まれ,ハイボール,飲み,流行り,NY,ヘア,スタイル,本格,スコッチ,ウイスキー,デュ,ワーズ,男性,ヘア,カットモデル,募集,バカルディ,ジャパン,株式会社,輸入,サッポロビール,株式会社,販売,本格,スコッチ,ウイスキー,デュ,ワーズ,ニューヨーク,NY,生ま
コレド,室町,手,入る,レストラン,茅乃舎,発,こだわり,出汁,注目,福岡県,ダシ,調味料,専門店,茅乃舎,手みやげ,いえ,旬,スイーツ,老舗,菓子,頭,浮かぶ,マンネリ,レ
英米,クラフト,ビール,人気,高まる,カールスバーグ,職人,メーカー,買収,英国,クラフト,ビール,職人,よる,手作り,ビール,売上,市場,9,達する,従来,ビール,追い上げ
福岡,天神,味,堪能,おすすめ,ランチ,8,九州,玄関口,し,九州,最大,繁華街,し,有名,福岡県,福岡市,福岡市,川,挟ん,天神,博多,分かれ,それ
簡単,つく,カレー,ペースト,不要,タイ,カレー,暑い,夏,カレー,頻繁,食卓,上がる,ご家庭,多い,はず,家庭,味,本格,インド,カレー,いい,時,タイ,カレー,いかが,ほ
NY,生まれ,ハイボール,飲み,流行り,NY,ヘア,スタイル,本格,スコッチ,ウイスキー,デュ,ワーズ,男性,ヘア,カットモデル,募集,バカルディ,ジャパン,株式会社,輸入,サッポロビール,株式会社,販売,本格,スコッチ,ウイスキー,デュ,ワーズ,ニューヨーク,NY,生ま
コレド,室町,手,入る,レストラン,茅乃舎,発,こだわり,出汁,注目,福岡県,ダシ,調味料,専門店,茅乃舎,手みやげ,いえ,旬,スイーツ,老舗,菓子,頭,浮かぶ,マンネリ,レ
関西,中華,次,ブーム,フード,刺激的,しびれ,麻婆豆腐,新店,4,四川,麻婆豆腐,1080,食べ,進める,たび,入っ,大粒,山椒,はじける,四川,小吃,奏,煖,マー,活,いう,言葉,生まれ
帰省,シーズン,東京,新作,夏,手土産,5,レモン,味,焼き上げ,ガレット,リモーネ,1188,ヌフ,ヌフ,お土産,スイーツ,ショップ,並ぶ,東京,エリア,今
幕末,維新,味,徳川,将軍,もてなし,料理,大阪,都ホテル,堪能,シェラトン,都ホテル,大阪,徳川慶喜,もてなし,フランス,料理,シェラトン,都ホテル,大阪,9,1,金,10,31,火,期間,レ
SNS,映え,抜群,フルーツ,ティー,ぴったり,グラス,セット,涼し,グラス,冷たい,飲み物,入れ,もてなす,真夏,おもてなし,そんな,日,ぴったり,グラス,セット,7,26,水,ドイツ,クリスタルウ
秋,味覚,つまっ,スイーツ,球体,モンブラン,気,なる,開業,25,記念,球体,モンブラン,Chataigne,シャ,テー,ニュ,ホテル阪急インターナショナル,9,1,金,10
Valentino,Garavani,ロック,スタッズ,スパイク,新作,イベント,開催,北京,NY,上海,香港,ワールド,ワイド,開催,ポップアップ,ショップ,ロック,スタッズ,スパイク,バッグ,新色,ラインナップ
暑,勝つ,スパイシー,味付け,みんな,食べ,最新,コンビニ,弁当,ランキング,食品,クチコミ,サイト,もぐ,ナビ,注目,高かっ,コンビニ,弁当,ランキング,形式,紹介,最新,コンビニ,弁当,ランキング,みんな,気
チョコレート,ごはん,皮付き,アボカド,衝撃,メキシコ,料理,食す,メキシコ,どんな,もの,食べる,地球,裏側,日本,常識,通用,世界,見,こと,ない,食文化,扉,開ける
ドレ,モル,タオ,白桃,レア,チーズ,登場,ジューシー,旬,白桃,1,使っ,贅沢,レア,チーズケーキ,イメージ,動画,画像,表示,時,こちら,白桃,レア,チーズ,ドレ,モル,タオ,販売,価格,"1,600",税別,以下,同じ,ド
大阪,おすすめ,コスパ,良い,肉,ランチ,8,系,料理,多く,食い倒れ,イメージ,強い,大阪,今回,コスト,パフォーマンス,良い,人気,肉,ランチ,ピックアップ,ハンバ
動画,再生,回数,1,億,Miracle,Vell,Magic,食,レポ,挑戦,花村,想太,驚く,ダンス,飛び出す,先週,金曜日,8,4,公開,なっ,動画,ご覧,部長,Da-iCE,花村,想太,指令,2017,全国,納豆,鑑評
パイ,専門店,パイフェイス,ハロウィン,限定,パイ,ドリンク,登場,西日本,エリア,初,なる,大阪,待望,オープン,オーストラリア,発祥,パイ,専門店,パイフェイス,Pie,face,全国,4,なる,パイフェイス,エキマルシェ,大阪,ショップ
世界,人気,EATALY,グランスタ,丸の内,オープン,イタリアン,食べる,買う,学ぶ,本場,イタリア,食材,買,マーケット,レストラン,融合,総合,フード,マーケット,EATALY,イー,タリー,国内,2,2017,8
食材,宝庫,北海道,おすすめ,ランチ,バイキング,7,北海道,いえ,海の幸,山の幸,食材,宝庫,料理,食べ,バイキング,幸せ,北海道,野菜,使用,ファーム,レストラン
干しぶどう,うなぎ,急上昇,7,最終週,クックパッド,検索,頻度,急上昇,キーワード,万能,バルサミコ,レーズン,写真,MIYA,缶,from,クックパッド,今晩,お料理,なに,作ろ,そんな,悩み,インタ
夏休み,行き,道の駅,お出かけ,スポット,情報,富山,レジャー,特集,2017,盆休み,気温,低く,湿度,高い,日,室内,熱中症,なり,お子さん,高齢者,いらっしゃる,ご
牡蠣,コク,まろやか,味,レタス,オイスターソース,炒め,5,牛肉,レタス,オイスターソース,炒め,レタス,クラブ,ニュース,プロ,料理家,沼口,ゆき,撮影,福岡,拓,牡蠣,原料,し,オイスター,ソー
5,保存,可能,盆休み,ラク,ため,ごはん,三,梅干し,酸味,し,さわやか,香り,食欲,アップ,ごま,加え,栄養,調理,たくま,たまえ,撮影,澤木,央子,冷蔵,中,私
帰省,みやげ,何,する,大丸,東京,最旬,スイーツ,盆休み,準備,毎年,こと,手土産,迷う,人,多い,大丸,東京,大好評,スイーツ,お知らせ,夏
夏,夏,中華,まん,ガパオ,マンゴー,中華,言っ,いい,夏,ぴったり,まんが,登場,大丸,東京,地階,ほっぺ,タウン,８,10,神楽坂,五十
新生,キットカット,ショコラ,トリー,食感,スイーツ,登場,食感,キット,カット,ケーキ,キットカット,ショコラ,トリー,ガトー,ミニョン,3,入り,1458,キットカット,ショコラ
サラダ,感覚,食べ,夏野菜,浅漬け,レシピ,食事,とき,箸休め,お酒,飲む,とき,軽い,つまみ,そんな,とき,ススメ,漬物,今回,短時間,作,時期,ぴったり
嫁さん,評価,4,深夜,レスキュー,メシ,コンビーフ,三色,今週,夏,嫁さん,評価,コンビーフ,食べ,これ,いい,ワサビ,コンビーフ,合う,ビック
フランス,お菓子,パステル,ギモーヴ,CCHAN,Cooking,パステルカラー,ふわふわ,溶け,食感,かわいい,フランス,生まれ,マシュマロ,材料,粉,ゼ
ひふみ,大好き,将棋,街,千駄ヶ谷,名所,5,加藤一二三,かとう,ひふみ,１９４０,福岡県,生まれ,当時,史上,年少,史上初,中学生,棋士,なり,神武,天才,呼ば,２０１
ビール,5,メーカー,徹底,比較,各社,定番,ビール,アラサー,記者,飲み比べ,アツい,夏,飲み,もの,仕事,飲み,もの,仲間,会っ,飲み,もの,毎日,飲み,もの,ビー
材料,2,混ぜる,フルーツ,牛乳,風呂上がり,飲も,熱い,日,続き,困る,ドリンク,麦茶,水,飽き,頃,しれ,オススメ,フル
ファン,待望,クーリッシュ,ベルギー,チョコレート,今年,やっ,--,ほろ苦く,カカオ,感,ある,本格的,味わい,動画,画像,表示,時,こちら,クーリッシュ,ベルギー,チョコレート,ロッテ,8,28,発売,想定,価格,130,税別
旅,前,イタリアン,東京,構内,EATALY,オープン,JR,東日本,東京,構内,グランスタ,丸の内,2017,8,30,イタリアン,マーケット,レストラン,EATALY,イー,タリー,グラン
台湾,ラーメン,長崎,ちゃんぽん,いい,とこ,リンガーハット,監修,台湾,ちゃんぽん,食べ,リンガーハット,台湾,ちゃんぽん,税抜,240,エースコック,株式会社,8,7,月,リンガーハット,台湾,ちゃんぽん,税
意味,不明,ロッテリア,バーガー,具材,雪見だいふく,抜擢,商品,雪見だいふく,プチ,バーガー,爆誕,日本,代表,ハンバーガー,チェーン,ひとつ,ロッテリア,それ,最近,いう,わけ,謎,行動,とっ,こと,お気
オマール,エビ,980,オイスター,100,ムール,フリット,専門店,急げ,ムール,フリット,専門店,ピンゼロカ,三軒茶屋,本店,神楽坂,両店,2017,8,10,9,10,看板,メニュー,お得,価
美味,プレモル,梅田,立ち飲み,大好評,ビア,フェスタ,9,開催,延長,立ち飲み,スタイル,ビア,フェスタ,阪急,梅田,ザ,プレミアム,モルツ,ステーション,大阪,梅田,阪急,梅田,今年,3,リニューアル
発売,コンビニ,スイーツ,ローソン,桃,ソルベ,レア,チーズ,ほか,今週,発売,コンビニ,おやつ,情報,お届け,上質,アイス,セブン,ゴティバ,新作,ミルク,チョコレート,マンゴー,人気,商品,限定
見た目,味わい,香り,楽しん,新宿,焼酎,専門店,夏,3,バチ,登場,焼酎,専門店,HAVESPI,ハベスピ,新宿,2017,8,9,（水）,9,30,（土）,期間,焼酎,五感,楽しむ,バチ,3
ハーゲンダッツ,日,誕生,記念,感覚,かき氷,ハーゲン,シェイブ,毎日,100,無料,配布,ハーゲンダッツ,ジャパン,創業,8,10,日本,記念,協会,よっ,ハーゲンダッツ,日,制定,これ,記念,夏,期限
酒田,オランダ,せんべい,FACTORY,東北,ソウル,フード,美味し,秘密,探れ,山形県,庄内,地方,酒田,米菓,作ら,オランダ,せんべい,ご存知,薄焼き,し,食感,程よい,塩味,絶妙,おせんべい
関西,エリア,初出店,大阪,梅田,パイ,専門店,パイフェイス,登場,シドニー,誕生,パイフェイス,ミートパイ,コーヒー,中心,し,パイ,専門店,JR,大阪,すぐ,商業,施設,エキマルシェ,大阪
手土産,ぴったり,グッド,ルッキング,どら焼き,SNS,浸透,スイーツ,見た目,大切,時代,おいし,インスタ,映え,グッド,ルッキング,どら焼き,SPURGRAM
カラムーチョ,味,チキン,ナゲット,ローソン,ストア,100,ヒー,おいし,ローソン,ストア,100,湖池屋,カラムーチョ,コラボレーション,し,チキン,ナゲット,100,ナゲット,カラムーチョ,4,8,2
永谷園,越境,EC,参戦,豌豆,公主,ワンドウ,和食,インスタント,食品,販売,開始,永谷園,越境,ＥＣ,参戦,豌豆,公主,ワンドウ,和食,インスタント,食品,販売,開始,永谷園,中国,伝統的,日本,和食,人気
余っ,パクチー,保存,正解,冷蔵,コツ,簡単,オイル,すべて,動画,画像,ある,記事,こちら,以前,プランター,パクチー,育て,食べる,分,収穫,ひと晩,うち,残り,虫,全滅
涼し,夏,スイーツ,トマト,ゼリー,レシピ,5,瑞々しく,甘酸っぱい,トマト,サラダ,パスタ,献立,大活躍,夏野菜,今回,トマト,使っ,ゼリー,レシピ,ご紹介,サッパ
昭和,雰囲気,店内,昭和,感性,持っ,姉妹,生み出す,昭和,味,グルメ,みそ,葉,福岡,警固,路地裏,隠れ,名店,テレビ,カウントダウン,番組,隆盛,子ども,頃,家族,みんな,ランキング,楽しみ,し,時代,過ごし,方
料理,カラ,ムー,すっぱ,ムー,登場,--,スナック,菓子,越え,スナック,菓子,すべて,動画,画像,ある,記事,こちら,カラ,ムー,濃厚,ビーフ,煮込み,XO,醤,すっぱ,ムー,トリュフ,香る,帆立,カルパッチョ
